"Date","Price","Open","High","Low","Vol.","Change %"
"Sep 18, 2020","75.80","74.03","76.66","74.03","3.04M","2.65%"
"Sep 17, 2020","73.84","77.52","77.75","73.84","2.50M","-5.37%"
"Sep 16, 2020","78.03","75.85","78.38","75.55","2.16M","4.03%"
"Sep 15, 2020","75.01","73.98","75.79","73.50","1.91M","3.35%"
"Sep 14, 2020","72.58","73.85","75.00","70.21","2.58M","-1.75%"
"Sep 11, 2020","73.87","73.79","75.04","72.80","2.09M","-2.33%"
"Sep 10, 2020","75.63","76.79","77.60","75.16","2.24M","2.13%"
"Sep 09, 2020","74.05","70.70","74.93","70.06","3.47M","-1.32%"
"Sep 08, 2020","75.04","77.15","77.75","74.76","1.77M","-1.72%"
"Sep 07, 2020","76.35","76.55","77.80","74.56","2.46M","-2.37%"
"Sep 04, 2020","78.20","77.02","80.85","76.13","2.98M","-6.67%"
"Sep 03, 2020","83.79","84.36","86.48","82.17","2.53M","1.56%"
"Sep 02, 2020","82.50","83.69","83.92","73.68","5.41M","-1.89%"
"Sep 01, 2020","84.09","89.08","90.51","82.60","6.26M","-8.04%"
"Aug 31, 2020","91.44","88.00","93.26","87.44","2.41M","3.03%"
"Aug 28, 2020","88.75","90.60","91.26","86.61","2.61M","-2.75%"
"Aug 27, 2020","91.26","93.99","95.97","85.02","3.55M","0.60%"
"Aug 26, 2020","90.72","91.66","92.19","88.97","3.37M","-1.90%"
"Aug 25, 2020","92.48","85.00","93.50","84.92","2.80M","11.79%"
"Aug 24, 2020","82.73","81.39","83.00","80.65","1.97M","4.79%"
"Aug 21, 2020","78.95","81.50","82.00","78.90","2.16M","-1.29%"
"Aug 20, 2020","79.98","80.77","82.00","79.08","3.07M","6.78%"
"Aug 19, 2020","74.90","76.35","77.00","74.90","2.03M","-0.13%"
"Aug 18, 2020","75.00","74.64","76.34","74.11","1.51M","1.65%"
"Aug 17, 2020","73.78","75.75","75.80","73.66","1.39M","-2.66%"
"Aug 14, 2020","75.80","71.10","75.80","71.10","1.96M","6.33%"
"Aug 13, 2020","71.29","71.95","74.25","71.05","1.95M","0.34%"
"Aug 12, 2020","71.05","69.71","71.79","69.00","1.73M","1.24%"
"Aug 11, 2020","70.18","72.00","72.35","69.70","5.25M","-3.25%"
"Aug 10, 2020","72.54","70.00","73.01","69.60","1.62M","2.60%"
"Aug 07, 2020","70.70","71.25","71.42","70.18","2.63M","-0.79%"
"Aug 06, 2020","71.26","71.40","72.40","70.72","1.09M","0.37%"
"Aug 05, 2020","71.00","70.13","71.32","69.66","1.09M","0.28%"
"Aug 04, 2020","70.80","68.50","71.52","67.91","2.13M","6.47%"
"Aug 03, 2020","66.50","68.50","68.72","65.53","2.18M","-2.98%"
"Jul 31, 2020","68.54","69.45","70.14","68.13","1.31M","-0.41%"
"Jul 30, 2020","68.82","68.41","70.28","68.22","1.49M","1.55%"
"Jul 29, 2020","67.77","68.03","68.32","66.78","1.60M","-1.17%"
"Jul 28, 2020","68.57","71.43","71.62","68.51","1.51M","-2.42%"
"Jul 27, 2020","70.27","69.23","71.84","68.70","1.63M","0.66%"
"Jul 24, 2020","69.81","70.61","70.94","69.26","1.85M","-3.04%"
"Jul 23, 2020","72.00","71.76","73.27","71.14","1.51M","-0.69%"
"Jul 22, 2020","72.50","74.34","75.00","71.75","1.72M","-3.40%"
"Jul 21, 2020","75.05","71.47","75.65","71.32","2.87M","8.00%"
"Jul 20, 2020","69.49","67.37","69.77","67.37","2.16M","3.15%"
"Jul 17, 2020","67.37","67.25","69.06","66.16","2.70M","-0.10%"
"Jul 16, 2020","67.44","69.50","69.59","67.21","2.63M","-1.06%"
"Jul 15, 2020","68.16","69.01","70.49","67.66","3.36M","2.42%"
"Jul 14, 2020","66.55","68.80","69.89","65.55","3.46M","-7.23%"
"Jul 13, 2020","71.74","74.21","75.00","69.07","3.33M","-0.79%"
"Jul 10, 2020","72.31","73.51","76.62","72.01","3.56M","-1.62%"
"Jul 09, 2020","73.50","68.00","75.26","66.91","5.27M","11.36%"
"Jul 08, 2020","66.00","66.50","67.50","65.31","8.08M","-2.94%"
"Jul 06, 2020","68.00","67.70","68.80","67.55","1.41M","0.74%"
"Jul 03, 2020","67.50","68.27","70.00","66.58","2.56M","-0.97%"
"Jul 02, 2020","68.16","64.20","68.62","63.91","2.82M","9.51%"
"Jul 01, 2020","62.24","60.49","63.90","59.66","2.56M","2.05%"
"Jun 30, 2020","60.99","58.27","61.30","57.44","3.26M","7.19%"
"Jun 29, 2020","56.90","55.44","58.00","55.30","1.56M","-0.18%"
"Jun 26, 2020","57.00","58.30","58.86","56.29","2.30M","0.14%"
"Jun 25, 2020","56.92","57.86","58.79","56.01","2.86M","-4.14%"
"Jun 24, 2020","59.38","60.06","62.33","59.33","2.64M","0.35%"
"Jun 23, 2020","59.17","58.18","59.60","56.85","1.91M","2.12%"
"Jun 22, 2020","57.94","57.71","58.79","56.74","1.45M","-1.28%"
"Jun 19, 2020","58.69","58.00","58.99","56.95","4.30M","1.47%"
"Jun 18, 2020","57.84","58.43","59.64","57.65","2.42M","0.19%"
"Jun 17, 2020","57.73","57.00","58.46","56.35","2.77M","2.14%"
"Jun 16, 2020","56.52","53.71","57.07","53.60","3.61M","10.48%"
"Jun 15, 2020","51.16","52.00","54.63","51.04","3.11M","-1.35%"
"Jun 12, 2020","51.86","49.00","52.65","47.09","4.25M","-0.46%"
"Jun 11, 2020","52.10","52.60","53.64","51.84","2.72M","-4.44%"
"Jun 10, 2020","54.52","50.69","54.85","50.56","3.58M","7.53%"
"Jun 09, 2020","50.70","51.25","51.58","50.39","2.95M","0.18%"
"Jun 05, 2020","50.61","51.99","52.41","50.15","2.86M","-3.05%"
"Jun 04, 2020","52.20","53.50","53.81","51.92","3.45M","-0.11%"
"Jun 03, 2020","52.26","50.12","52.29","50.02","2.92M","5.53%"
"Jun 02, 2020","49.52","48.22","49.52","48.02","3.45M","3.71%"
"Jun 01, 2020","47.75","46.53","48.10","46.53","2.73M","0.72%"
"May 29, 2020","47.41","46.85","47.57","46.15","24.44M","2.86%"
"May 28, 2020","46.09","46.50","46.90","45.38","3.54M","1.86%"
"May 27, 2020","45.25","48.48","48.60","44.87","5.80M","-7.86%"
"May 26, 2020","49.11","49.00","50.01","48.52","3.64M","1.26%"
"May 25, 2020","48.50","45.02","49.00","45.02","3.37M","8.96%"
"May 22, 2020","44.51","44.25","45.04","44.11","2.56M","1.16%"
"May 21, 2020","44.00","44.20","45.17","43.68","3.32M","2.59%"
"May 20, 2020","42.89","41.75","43.40","41.68","2.14M","2.12%"
"May 19, 2020","42.00","43.10","43.33","41.71","2.35M","-0.73%"
"May 18, 2020","42.31","42.36","42.60","41.50","1.92M","2.69%"
"May 15, 2020","41.20","42.40","42.67","40.76","2.90M","-1.08%"
"May 14, 2020","41.65","41.96","43.60","41.53","2.50M","-4.16%"
"May 13, 2020","43.46","40.49","43.50","39.70","4.68M","4.27%"
"May 12, 2020","41.68","42.50","43.18","40.70","3.85M","-1.16%"
"May 11, 2020","42.17","39.90","43.68","39.84","3.68M","5.74%"
"May 08, 2020","39.88","39.28","40.00","39.13","2.77M","0.96%"
"May 07, 2020","39.50","39.21","39.73","38.52","2.36M","-0.75%"
"May 06, 2020","39.80","38.51","39.95","38.51","2.88M","4.24%"
"May 05, 2020","38.18","36.90","38.18","36.48","4.14M","5.76%"
"May 04, 2020","36.10","38.00","39.59","32.50","10.34M","23.80%"
"May 01, 2020","29.16","29.75","30.31","28.80","4.39M","-6.54%"
"Apr 30, 2020","31.20","28.89","31.45","28.76","5.93M","10.83%"
"Apr 29, 2020","28.15","28.38","28.43","27.72","3.61M","-0.57%"
"Apr 28, 2020","28.31","27.99","28.50","27.90","2.12M","2.02%"
"Apr 27, 2020","27.75","27.30","27.98","26.95","2.49M","2.74%"
"Apr 24, 2020","27.01","27.00","27.58","26.85","2.36M","-0.52%"
"Apr 23, 2020","27.15","27.25","27.65","26.60","3.44M","2.18%"
"Apr 22, 2020","26.57","26.50","27.13","25.67","4.61M","-2.75%"
"Apr 21, 2020","27.32","28.45","29.03","27.19","4.54M","-5.79%"
"Apr 20, 2020","29.00","28.80","29.63","28.08","4.02M","0.00%"
"Apr 17, 2020","29.00","28.60","30.36","28.60","5.88M","6.30%"
"Apr 16, 2020","27.28","26.20","27.47","25.90","5.00M","-2.15%"
"Apr 15, 2020","27.88","28.00","28.20","26.25","7.04M","-1.83%"
"Apr 14, 2020","28.40","24.10","28.44","23.72","7.79M","29.09%"
"Apr 09, 2020","22.00","20.80","22.10","20.40","4.00M","10.66%"
"Apr 08, 2020","19.88","20.58","20.72","19.67","4.82M","-5.60%"
"Apr 07, 2020","21.06","21.00","21.89","20.80","5.01M","4.67%"
"Apr 06, 2020","20.12","20.00","20.42","19.67","7.44M","2.92%"
"Apr 03, 2020","19.55","20.75","21.13","19.41","6.12M","-2.98%"
"Apr 02, 2020","20.15","19.85","21.70","19.71","5.92M","-2.47%"
"Apr 01, 2020","20.66","19.85","20.66","19.43","7.55M","9.89%"
"Mar 31, 2020","18.80","20.55","20.75","17.94","8.43M","2.17%"
"Mar 30, 2020","18.40","18.00","19.38","17.02","7.37M","-3.66%"
"Mar 27, 2020","19.10","22.15","23.88","17.13","16.89M","-1.60%"
"Mar 26, 2020","19.41","15.49","20.13","14.95","14.41M","29.40%"
"Mar 25, 2020","15.00","15.00","16.58","13.58","13.24M","33.81%"
"Mar 24, 2020","11.21","9.87","12.19","9.05","11.62M","25.96%"
"Mar 23, 2020","8.90","9.96","10.40","8.01","18.88M","-28.46%"
"Mar 20, 2020","12.44","10.97","16.00","10.90","19.17M","25.66%"
"Mar 19, 2020","9.90","12.90","13.09","9.57","17.92M","-22.41%"
"Mar 18, 2020","12.76","18.40","18.73","11.92","14.68M","-33.05%"
"Mar 17, 2020","19.06","18.00","20.45","17.89","11.21M","-4.32%"
"Mar 16, 2020","19.92","21.50","22.24","19.92","7.42M","-14.29%"
"Mar 13, 2020","23.24","21.00","24.16","20.40","10.08M","-2.68%"
"Mar 12, 2020","23.88","26.27","27.10","20.88","11.01M","-11.65%"
"Mar 11, 2020","27.03","29.95","30.47","27.03","4.96M","-8.62%"
"Mar 10, 2020","29.58","26.30","30.11","26.23","6.02M","7.06%"
"Mar 09, 2020","27.63","31.14","32.28","26.70","6.58M","-16.12%"
"Mar 06, 2020","32.94","33.54","34.11","32.85","1.86M","-4.16%"
"Mar 05, 2020","34.37","34.31","34.68","33.69","3.07M","3.56%"
"Mar 04, 2020","33.19","33.50","34.38","33.19","2.25M","-4.24%"
"Mar 03, 2020","34.66","34.00","35.35","33.99","4.15M","6.19%"
"Mar 02, 2020","32.64","32.18","33.35","31.30","4.43M","-1.60%"
"Feb 28, 2020","33.17","34.00","34.24","32.08","8.77M","-9.05%"
"Feb 27, 2020","36.47","34.50","38.35","33.47","4.29M","1.39%"
"Feb 26, 2020","35.97","35.73","36.40","35.20","2.87M","-2.86%"
"Feb 25, 2020","37.03","35.00","37.69","34.50","3.89M","0.16%"
"Feb 24, 2020","36.97","38.05","38.61","36.95","1.66M","-5.18%"
"Feb 21, 2020","38.99","39.28","39.70","38.35","1.60M","-0.69%"
"Feb 20, 2020","39.26","41.00","41.14","38.88","2.19M","-3.06%"
"Feb 19, 2020","40.50","39.85","40.61","39.31","1.37M","1.58%"
"Feb 18, 2020","39.87","39.55","39.96","38.81","1.51M","0.89%"
"Feb 17, 2020","39.52","38.71","39.87","38.63","3.13M","2.36%"
"Feb 14, 2020","38.61","38.50","38.95","38.05","1.74M","0.13%"
"Feb 13, 2020","38.56","38.55","39.12","38.49","1.01M","-0.13%"
"Feb 12, 2020","38.61","39.07","39.27","38.48","1.62M","-1.98%"
"Feb 11, 2020","39.39","38.75","39.43","38.55","1.17M","2.26%"
"Feb 10, 2020","38.52","39.33","39.75","38.36","1.65M","-2.33%"
"Feb 07, 2020","39.44","38.88","39.64","38.46","2.05M","1.15%"
"Feb 06, 2020","38.99","39.70","39.86","38.15","2.87M","-0.54%"
"Feb 05, 2020","39.20","40.15","40.73","38.60","2.35M","-1.71%"
"Feb 04, 2020","39.88","38.50","39.98","38.39","2.09M","4.78%"
"Feb 03, 2020","38.06","37.57","38.30","37.15","1.71M","-1.27%"
"Jan 31, 2020","38.55","37.98","38.69","37.90","2.16M","1.98%"
"Jan 30, 2020","37.80","37.94","38.36","37.47","1.91M","-0.50%"
"Jan 29, 2020","37.99","36.85","38.06","36.83","1.89M","3.51%"
"Jan 28, 2020","36.70","34.80","36.98","34.50","2.70M","-0.81%"
"Jan 24, 2020","37.00","36.42","37.15","36.25","1.72M","2.44%"
"Jan 23, 2020","36.12","34.83","36.18","34.41","1.86M","3.73%"
"Jan 22, 2020","34.82","34.59","35.18","34.45","2.32M","1.43%"
"Jan 21, 2020","34.33","34.19","34.35","33.71","1.36M","0.97%"
"Jan 20, 2020","34.00","33.47","34.19","33.45","1.55M","2.35%"
"Jan 17, 2020","33.22","33.45","33.79","33.02","1.56M","-0.06%"
"Jan 16, 2020","33.24","33.20","33.43","32.96","791.12K","1.34%"
"Jan 15, 2020","32.80","33.40","33.52","32.75","1.04M","-1.20%"
"Jan 14, 2020","33.20","32.93","33.94","32.80","1.65M","2.06%"
"Jan 13, 2020","32.53","31.00","32.74","30.66","2.14M","4.50%"
"Jan 10, 2020","31.13","30.96","31.34","30.47","1.40M","1.83%"
"Jan 09, 2020","30.57","30.68","31.15","30.47","1.16M","1.63%"
"Jan 08, 2020","30.08","30.42","30.50","29.22","1.40M","-1.09%"
"Jan 07, 2020","30.41","30.26","30.54","29.93","923.61K","1.40%"
"Jan 06, 2020","29.99","30.00","30.14","29.49","976.33K","-0.93%"
"Jan 03, 2020","30.27","30.98","31.17","30.18","1.31M","-1.18%"
"Jan 02, 2020","30.63","29.28","30.71","29.28","1.26M","4.61%"
"Dec 31, 2019","29.28","29.75","29.99","29.04","2.10M","-2.76%"
"Dec 30, 2019","30.11","30.70","30.85","29.90","794.92K","-1.54%"
"Dec 27, 2019","30.58","29.60","30.71","29.48","880.50K","4.73%"
"Dec 24, 2019","29.20","29.50","29.76","29.05","568.10K","-0.95%"
"Dec 23, 2019","29.48","29.30","29.74","28.74","1.09M","0.72%"
"Dec 20, 2019","29.27","29.00","29.42","28.62","1.42M","1.70%"
"Dec 19, 2019","28.78","29.42","29.80","28.69","1.42M","-1.10%"
"Dec 18, 2019","29.10","28.75","29.54","28.58","1.00M","1.08%"
"Dec 17, 2019","28.79","29.50","30.06","28.70","905.54K","-1.61%"
"Dec 16, 2019","29.26","28.57","29.50","28.39","978.33K","1.95%"
"Dec 13, 2019","28.70","28.88","29.15","28.35","875.48K","-0.59%"
"Dec 12, 2019","28.87","29.46","29.49","28.71","855.08K","-2.04%"
"Dec 11, 2019","29.47","30.03","30.09","29.21","869.89K","-1.37%"
"Dec 10, 2019","29.88","29.59","30.08","29.00","925.72K","0.00%"
"Dec 09, 2019","29.88","30.00","30.30","29.35","1.30M","-0.07%"
"Dec 06, 2019","29.90","29.90","29.97","28.93","1.36M","0.50%"
"Dec 05, 2019","29.75","29.70","31.86","29.58","2.21M","2.30%"
"Dec 04, 2019","29.08","29.80","30.02","28.78","1.98M","-4.56%"
"Dec 03, 2019","30.47","30.60","30.70","30.11","1.34M","-2.25%"
"Dec 02, 2019","31.17","31.64","31.71","30.56","1.59M","-1.36%"
"Nov 29, 2019","31.60","32.32","33.13","31.57","1.95M","-2.74%"
"Nov 28, 2019","32.49","32.24","32.70","32.14","1.20M","1.28%"
"Nov 27, 2019","32.08","32.20","32.30","31.22","1.19M","-0.34%"
"Nov 26, 2019","32.19","33.40","33.47","32.05","1.59M","-1.38%"
"Nov 25, 2019","32.64","32.26","34.05","31.85","2.45M","7.05%"
"Nov 22, 2019","30.49","30.85","31.28","30.38","851.15K","0.30%"
"Nov 21, 2019","30.40","31.32","31.45","30.22","1.33M","-3.49%"
"Nov 20, 2019","31.50","31.27","31.78","30.76","1.28M","0.51%"
"Nov 19, 2019","31.34","32.30","32.40","30.88","2.34M","-2.82%"
"Nov 18, 2019","32.25","33.10","33.43","31.70","2.19M","-2.01%"
"Nov 15, 2019","32.91","31.79","33.28","31.50","2.54M","4.24%"
"Nov 14, 2019","31.57","30.15","31.98","30.14","5.27M","7.49%"
"Nov 13, 2019","29.37","31.10","31.98","27.81","4.94M","0.62%"
"Nov 12, 2019","29.19","29.03","29.79","28.76","2.72M","3.51%"
"Nov 11, 2019","28.20","28.06","28.57","27.84","3.16M","4.56%"
"Nov 08, 2019","26.97","26.73","27.39","26.35","2.05M","2.78%"
"Nov 07, 2019","26.24","26.25","26.73","25.73","2.28M","1.16%"
"Nov 06, 2019","25.94","27.10","27.13","25.83","2.00M","-4.39%"
"Nov 05, 2019","27.13","27.26","27.76","26.74","1.42M","-0.91%"
"Nov 04, 2019","27.38","27.80","27.95","27.01","1.75M","-0.26%"
"Nov 01, 2019","27.45","28.52","28.53","27.15","2.09M","-4.89%"
"Oct 31, 2019","28.86","28.50","29.05","28.28","1.21M","2.20%"
"Oct 30, 2019","28.24","29.22","29.41","28.08","1.24M","-2.96%"
"Oct 29, 2019","29.10","28.73","29.25","28.30","1.29M","1.57%"
"Oct 28, 2019","28.65","29.60","29.77","28.53","1.81M","-2.22%"
"Oct 25, 2019","29.30","29.50","30.17","29.30","2.05M","1.00%"
"Oct 24, 2019","29.01","30.50","30.73","28.68","3.45M","-2.59%"
"Oct 23, 2019","29.78","29.44","30.23","29.13","2.58M","1.95%"
"Oct 22, 2019","29.21","28.70","29.53","28.64","3.21M","1.92%"
"Oct 21, 2019","28.66","27.99","29.30","27.25","5.08M","-3.34%"
"Oct 18, 2019","29.65","31.33","31.62","29.21","6.08M","-7.29%"
"Oct 17, 2019","31.98","33.89","33.98","31.64","7.01M","-5.72%"
"Oct 16, 2019","33.92","36.09","36.10","33.50","4.85M","-7.22%"
"Oct 15, 2019","36.56","37.00","37.41","36.40","1.65M","1.27%"
"Oct 14, 2019","36.10","35.99","36.34","35.83","1.95M","2.79%"
"Oct 11, 2019","35.12","35.25","35.71","34.97","1.52M","0.14%"
"Oct 10, 2019","35.07","34.92","35.54","34.88","1.90M","0.54%"
"Oct 09, 2019","34.88","33.70","35.02","33.38","3.63M","0.66%"
"Oct 08, 2019","34.65","34.68","34.82","33.43","1.83M","-0.77%"
"Oct 07, 2019","34.92","34.50","35.28","34.38","1.22M","2.25%"
"Oct 04, 2019","34.15","34.60","34.80","34.06","1.71M","-0.41%"
"Oct 03, 2019","34.29","34.36","34.48","33.37","2.68M","-3.03%"
"Oct 02, 2019","35.36","34.55","35.98","34.55","1.60M","0.20%"
"Oct 01, 2019","35.29","35.86","35.87","34.75","2.01M","-1.62%"
"Sep 30, 2019","35.87","36.57","36.90","35.67","1.55M","-1.91%"
"Sep 27, 2019","36.57","35.80","36.62","35.69","2.30M","2.96%"
"Sep 26, 2019","35.52","36.34","37.12","35.26","2.31M","-1.33%"
"Sep 25, 2019","36.00","33.35","36.65","32.81","4.21M","13.31%"
"Sep 24, 2019","31.77","32.23","32.51","31.55","2.14M","-1.43%"
"Sep 23, 2019","32.23","33.49","33.49","31.72","2.09M","-2.48%"
"Sep 20, 2019","33.05","33.02","33.63","32.90","4.55M","0.79%"
"Sep 19, 2019","32.79","32.40","32.99","32.31","1.65M","1.58%"
"Sep 18, 2019","32.28","31.88","32.78","31.75","1.72M","2.22%"
"Sep 17, 2019","31.58","31.98","32.22","31.26","2.88M","-1.31%"
"Sep 16, 2019","32.00","31.60","32.66","31.60","2.61M","0.19%"
"Sep 13, 2019","31.94","32.29","32.60","31.77","1.29M","0.44%"
"Sep 12, 2019","31.80","32.58","33.19","31.62","3.82M","-0.93%"
"Sep 11, 2019","32.10","31.98","32.23","31.08","3.05M","-1.14%"
"Sep 10, 2019","32.47","33.25","33.34","32.20","2.33M","-4.13%"
"Sep 09, 2019","33.87","34.13","34.28","33.03","2.15M","-0.03%"
"Sep 06, 2019","33.88","33.28","33.91","33.11","2.35M","4.05%"
"Sep 05, 2019","32.56","32.03","33.07","32.03","2.82M","2.36%"
"Sep 04, 2019","31.81","31.38","32.05","30.86","2.52M","-0.38%"
"Sep 03, 2019","31.93","31.00","32.13","30.87","1.42M","1.75%"
"Sep 02, 2019","31.38","30.90","31.46","30.53","1.95M","1.29%"
"Aug 30, 2019","30.98","29.87","31.07","29.72","4.02M","4.59%"
"Aug 29, 2019","29.62","28.61","29.68","27.52","3.93M","4.74%"
"Aug 28, 2019","28.28","26.30","28.28","25.90","6.11M","9.32%"
"Aug 27, 2019","25.87","24.65","26.00","24.52","2.82M","7.79%"
"Aug 26, 2019","24.00","23.30","24.23","23.26","1.44M","-2.20%"
"Aug 23, 2019","24.54","24.80","24.93","24.24","1.03M","-0.61%"
"Aug 22, 2019","24.69","24.57","24.92","24.21","2.53M","2.62%"
"Aug 21, 2019","24.06","24.51","24.79","23.92","1.99M","-3.84%"
"Aug 20, 2019","25.02","24.71","25.18","24.43","3.46M","3.09%"
"Aug 19, 2019","24.27","23.76","24.29","23.71","1.69M","4.34%"
"Aug 16, 2019","23.26","23.02","23.94","23.02","2.59M","1.75%"
"Aug 15, 2019","22.86","23.13","23.70","22.78","2.94M","-7.26%"
"Aug 14, 2019","24.65","23.99","24.69","23.86","1.82M","4.67%"
"Aug 13, 2019","23.55","23.39","23.71","23.34","1.92M","-0.72%"
"Aug 12, 2019","23.72","23.68","24.08","23.43","2.30M","-1.86%"
"Aug 09, 2019","24.17","24.40","24.90","23.35","3.44M","6.10%"
"Aug 08, 2019","22.78","22.50","23.08","22.15","1.85M","1.33%"
"Aug 07, 2019","22.48","23.00","23.45","22.40","3.03M","0.63%"
"Aug 06, 2019","22.34","21.50","22.92","21.20","5.10M","-4.94%"
"Aug 05, 2019","23.50","25.65","25.87","23.41","2.07M","-7.81%"
"Aug 02, 2019","25.49","26.43","26.74","25.49","1.22M","-3.96%"
"Aug 01, 2019","26.54","26.55","27.14","25.86","920.16K","-0.75%"
"Jul 31, 2019","26.74","26.49","27.08","26.45","1.15M","0.49%"
"Jul 30, 2019","26.61","27.30","27.50","26.46","1.79M","-2.10%"
"Jul 29, 2019","27.18","26.47","27.22","26.42","2.04M","3.98%"
"Jul 26, 2019","26.14","25.70","26.30","25.21","2.20M","0.81%"
"Jul 25, 2019","25.93","25.55","25.98","25.06","1.36M","2.45%"
"Jul 24, 2019","25.31","24.94","25.70","24.83","1.80M","2.55%"
"Jul 23, 2019","24.68","23.67","24.72","23.65","1.22M","4.27%"
"Jul 22, 2019","23.67","24.10","24.60","23.62","1.10M","-1.46%"
"Jul 19, 2019","24.02","23.41","24.30","23.40","1.64M","2.13%"
"Jul 18, 2019","23.52","23.82","24.12","23.48","1.08M","-1.22%"
"Jul 17, 2019","23.81","23.55","24.27","23.30","1.08M","0.93%"
"Jul 16, 2019","23.59","24.00","24.39","23.51","1.09M","-0.84%"
"Jul 15, 2019","23.79","24.38","24.50","23.62","1.98M","-2.82%"
"Jul 12, 2019","24.48","25.53","25.61","24.29","2.01M","-3.96%"
"Jul 11, 2019","25.49","25.59","25.94","25.07","1.23M","-0.39%"
"Jul 10, 2019","25.59","25.77","26.38","25.38","2.13M","-0.39%"
"Jul 09, 2019","25.69","26.45","26.76","25.60","2.11M","-4.85%"
"Jul 08, 2019","27.00","26.60","27.39","26.25","1.26M","0.60%"
"Jul 05, 2019","26.84","27.00","27.24","26.10","2.14M","-0.59%"
"Jul 04, 2019","27.00","26.45","27.47","26.23","2.21M","2.31%"
"Jul 03, 2019","26.39","26.35","26.90","25.88","2.15M","1.15%"
"Jul 02, 2019","26.09","24.60","26.44","24.59","3.41M","6.93%"
"Jul 01, 2019","24.40","22.52","24.68","22.50","7.91M","-2.67%"
"Jun 28, 2019","25.07","27.99","28.76","23.95","6.15M","-9.92%"
"Jun 27, 2019","27.83","27.00","27.90","26.68","3.25M","2.54%"
"Jun 26, 2019","27.14","25.87","27.39","25.73","4.31M","5.52%"
"Jun 25, 2019","25.72","24.52","25.72","24.39","3.36M","3.79%"
"Jun 24, 2019","24.78","23.50","24.80","23.40","2.75M","3.90%"
"Jun 21, 2019","23.85","23.74","24.15","23.10","5.71M","1.53%"
"Jun 20, 2019","23.49","22.35","23.49","22.30","2.32M","6.48%"
"Jun 19, 2019","22.06","22.36","22.65","21.71","3.05M","3.71%"
"Jun 18, 2019","21.27","20.20","21.84","20.02","4.09M","4.93%"
"Jun 17, 2019","20.27","21.01","21.29","19.98","4.56M","-6.11%"
"Jun 14, 2019","21.59","22.79","23.10","20.96","5.40M","-4.26%"
"Jun 13, 2019","22.55","23.98","24.80","21.93","7.69M","-12.05%"
"Jun 12, 2019","25.64","24.60","26.49","24.40","6.52M","6.08%"
"Jun 07, 2019","24.17","23.50","24.37","22.95","2.48M","3.07%"
"Jun 06, 2019","23.45","25.01","25.20","22.96","3.68M","-1.88%"
"Jun 05, 2019","23.90","23.03","24.57","22.95","2.43M","7.08%"
"Jun 04, 2019","22.32","22.75","23.05","22.27","1.95M","-3.71%"
"Jun 03, 2019","23.18","23.68","23.91","22.89","1.77M","-4.02%"
"May 31, 2019","24.15","23.97","24.49","23.33","1.08M","0.46%"
"May 30, 2019","24.04","24.61","24.94","24.00","1.13M","-4.03%"
"May 29, 2019","25.05","24.53","25.18","24.52","830.63K","0.48%"
"May 28, 2019","24.93","24.06","24.93","24.06","2.23M","4.18%"
"May 27, 2019","23.93","23.99","24.39","23.75","785.63K","-0.21%"
"May 24, 2019","23.98","24.66","24.73","23.86","1.10M","-4.39%"
"May 23, 2019","25.08","24.23","25.22","24.23","1.06M","2.87%"
"May 22, 2019","24.38","24.72","24.98","24.08","1.59M","-1.30%"
"May 21, 2019","24.70","25.69","25.80","24.60","2.76M","-4.89%"
"May 20, 2019","25.97","26.40","26.50","25.42","902.99K","1.45%"
"May 17, 2019","25.60","25.85","26.73","25.50","1.71M","0.55%"
"May 16, 2019","25.46","26.08","26.46","24.96","1.98M","-2.60%"
"May 15, 2019","26.14","26.35","26.82","26.04","1.01M","0.54%"
"May 14, 2019","26.00","25.15","26.09","24.69","1.60M","-0.65%"
"May 13, 2019","26.17","26.00","26.45","25.58","911.57K","-0.15%"
"May 10, 2019","26.21","26.50","26.75","25.70","1.42M","-0.83%"
"May 09, 2019","26.43","26.95","27.50","26.12","1.81M","-0.49%"
"May 08, 2019","26.56","27.80","27.88","26.51","2.70M","-6.68%"
"May 07, 2019","28.46","28.00","28.70","27.90","1.73M","3.49%"
"May 06, 2019","27.50","27.30","27.63","26.15","1.86M","-0.54%"
"May 03, 2019","27.65","27.75","28.25","27.13","2.21M","2.94%"
"May 02, 2019","26.86","27.40","28.20","26.38","2.20M","-1.61%"
"May 01, 2019","27.30","25.90","27.48","25.80","2.63M","6.68%"
"Apr 30, 2019","25.59","25.50","25.70","25.30","1.48M","2.69%"
"Apr 29, 2019","24.92","23.86","25.04","23.85","1.47M","4.62%"
"Apr 26, 2019","23.82","24.00","24.50","23.51","1.27M","0.29%"
"Apr 24, 2019","23.75","23.38","23.84","22.94","2.03M","3.58%"
"Apr 23, 2019","22.93","22.86","23.45","22.70","1.55M","0.53%"
"Apr 18, 2019","22.81","22.99","23.10","22.40","2.26M","-2.27%"
"Apr 17, 2019","23.34","24.85","24.98","23.34","2.56M","-5.89%"
"Apr 16, 2019","24.80","24.78","25.15","24.34","2.12M","-0.76%"
"Apr 15, 2019","24.99","25.46","25.58","24.23","1.86M","-1.23%"
"Apr 12, 2019","25.30","25.75","25.85","25.21","1.82M","-0.98%"
"Apr 11, 2019","25.55","25.21","25.59","24.98","1.64M","2.08%"
"Apr 10, 2019","25.03","24.80","25.35","24.71","2.43M","1.50%"
"Apr 09, 2019","24.66","24.41","24.89","24.11","1.83M","1.77%"
"Apr 08, 2019","24.23","24.80","25.17","24.02","2.26M","-0.70%"
"Apr 05, 2019","24.40","23.70","24.72","23.65","2.53M","3.83%"
"Apr 04, 2019","23.50","23.30","23.65","23.16","1.15M","0.82%"
"Apr 03, 2019","23.31","23.70","24.13","23.05","1.79M","-0.38%"
"Apr 02, 2019","23.40","23.00","23.67","22.90","2.83M","4.51%"
"Apr 01, 2019","22.39","21.21","22.59","21.21","2.84M","6.87%"
"Mar 29, 2019","20.95","20.50","21.04","20.50","1.86M","2.60%"
"Mar 28, 2019","20.42","19.95","20.64","19.71","1.19M","2.25%"
"Mar 27, 2019","19.97","19.62","20.08","19.61","1.17M","1.89%"
"Mar 26, 2019","19.60","19.46","19.75","19.28","1.09M","0.26%"
"Mar 25, 2019","19.55","20.15","20.20","19.45","2.27M","-5.33%"
"Mar 22, 2019","20.65","20.72","21.00","20.58","896.12K","0.73%"
"Mar 21, 2019","20.50","20.61","21.00","20.38","1.14M","-1.25%"
"Mar 20, 2019","20.76","20.45","20.96","20.25","1.30M","0.63%"
"Mar 19, 2019","20.63","20.77","20.80","20.19","1.40M","0.15%"
"Mar 18, 2019","20.60","20.76","21.08","20.28","1.71M","0.24%"
"Mar 15, 2019","20.55","20.90","21.10","20.34","2.17M","-1.20%"
"Mar 14, 2019","20.80","20.61","20.84","20.10","1.48M","3.17%"
"Mar 13, 2019","20.16","20.70","20.81","20.01","1.58M","-2.84%"
"Mar 12, 2019","20.75","20.54","20.96","20.35","2.44M","2.67%"
"Mar 11, 2019","20.21","19.65","20.45","19.60","2.27M","2.95%"
"Mar 08, 2019","19.63","19.00","19.82","18.62","3.00M","2.99%"
"Mar 07, 2019","19.06","19.38","19.84","18.96","2.62M","-2.46%"
"Mar 06, 2019","19.54","20.10","20.13","19.45","2.29M","-1.81%"
"Mar 05, 2019","19.90","19.90","20.63","19.63","2.40M","-0.45%"
"Mar 04, 2019","19.99","20.12","21.09","19.84","4.20M","2.15%"
"Mar 01, 2019","19.57","18.50","19.98","18.42","4.94M","6.13%"
"Feb 28, 2019","18.44","17.70","18.56","17.65","4.15M","4.54%"
"Feb 27, 2019","17.64","18.60","18.90","17.38","4.28M","-2.81%"
"Feb 26, 2019","18.15","18.90","20.00","17.80","6.44M","-11.46%"
"Feb 25, 2019","20.50","20.00","20.69","18.95","6.44M","19.19%"
"Feb 22, 2019","17.20","16.79","17.48","16.61","1.61M","1.12%"
"Feb 21, 2019","17.01","17.45","17.76","16.65","3.66M","-2.47%"
"Feb 20, 2019","17.44","18.95","19.19","16.90","3.91M","-7.82%"
"Feb 19, 2019","18.92","18.99","19.20","18.77","1.86M","0.26%"
"Feb 18, 2019","18.87","19.01","19.21","18.66","1.51M","1.62%"
"Feb 15, 2019","18.57","18.37","18.79","18.30","1.76M","1.14%"
"Feb 14, 2019","18.36","17.55","18.49","17.53","2.11M","4.38%"
"Feb 13, 2019","17.59","18.00","18.09","17.51","1.53M","-1.18%"
"Feb 12, 2019","17.80","17.26","17.85","17.14","1.46M","3.85%"
"Feb 11, 2019","17.14","17.25","17.55","16.93","938.79K","0.23%"
"Feb 08, 2019","17.10","17.28","17.28","16.71","1.64M","-2.73%"
"Feb 07, 2019","17.58","17.83","18.00","17.31","2.33M","-0.51%"
"Feb 06, 2019","17.67","17.16","17.74","17.15","2.16M","4.80%"
"Feb 05, 2019","16.86","16.58","17.06","16.57","2.36M","3.12%"
"Feb 04, 2019","16.35","16.26","16.67","16.17","1.23M","0.86%"
"Feb 01, 2019","16.21","16.11","16.53","15.96","1.88M","1.89%"
"Jan 31, 2019","15.91","16.00","16.18","15.88","1.49M","1.21%"
"Jan 30, 2019","15.72","16.00","16.27","15.65","1.18M","0.06%"
"Jan 29, 2019","15.71","16.20","16.48","15.64","1.61M","-3.26%"
"Jan 25, 2019","16.24","15.70","16.35","15.50","2.24M","4.10%"
"Jan 24, 2019","15.60","15.57","15.94","15.17","2.00M","2.36%"
"Jan 23, 2019","15.24","15.00","15.73","15.00","1.93M","-0.07%"
"Jan 22, 2019","15.25","15.26","15.76","14.92","1.92M","0.00%"
"Jan 21, 2019","15.25","16.48","16.97","15.19","4.79M","-5.28%"
"Jan 18, 2019","16.10","15.45","16.41","15.10","7.25M","12.98%"
"Jan 17, 2019","14.25","14.06","14.45","14.06","1.74M","2.37%"
"Jan 16, 2019","13.92","13.60","14.04","13.56","1.52M","2.58%"
"Jan 15, 2019","13.57","13.15","13.60","13.05","1.35M","3.98%"
"Jan 14, 2019","13.05","13.36","13.63","12.86","929.16K","-3.55%"
"Jan 11, 2019","13.53","13.75","13.89","13.28","936.36K","-1.24%"
"Jan 10, 2019","13.70","13.79","13.97","13.45","1.32M","0.74%"
"Jan 09, 2019","13.60","13.26","13.74","13.26","1.39M","3.19%"
"Jan 08, 2019","13.18","12.93","13.24","12.57","1.78M","1.85%"
"Jan 07, 2019","12.94","12.45","12.97","12.35","1.92M","7.12%"
"Jan 04, 2019","12.08","11.80","12.25","11.74","966.96K","0.83%"
"Jan 03, 2019","11.98","12.00","12.13","11.71","1.09M","-0.17%"
"Jan 02, 2019","12.00","12.40","12.67","11.78","2.00M","-3.23%"
"Dec 31, 2018","12.40","12.25","12.65","12.22","1.21M","2.14%"
"Dec 28, 2018","12.14","12.50","12.50","11.99","900.71K","-2.25%"
"Dec 27, 2018","12.42","12.27","12.58","12.25","1.58M","6.06%"
"Dec 24, 2018","11.71","11.67","11.98","11.36","1.06M","-0.43%"
"Dec 21, 2018","11.76","11.81","12.10","11.60","2.04M","-0.93%"
"Dec 20, 2018","11.87","11.69","12.24","11.60","1.47M","-0.92%"
"Dec 19, 2018","11.98","12.25","12.40","11.81","1.43M","-1.16%"
"Dec 18, 2018","12.12","12.24","12.48","12.10","1.95M","-5.61%"
"Dec 17, 2018","12.84","12.01","12.87","11.86","1.43M","4.39%"
"Dec 14, 2018","12.30","13.05","13.13","12.12","1.49M","-5.75%"
"Dec 13, 2018","13.05","12.70","13.27","12.61","1.02M","3.98%"
"Dec 12, 2018","12.55","12.03","12.70","11.97","1.07M","4.85%"
"Dec 11, 2018","11.97","12.45","12.50","11.90","1.43M","0.00%"
"Dec 10, 2018","11.97","12.48","12.48","11.87","1.67M","-5.67%"
"Dec 07, 2018","12.69","12.85","13.21","12.63","1.67M","-2.08%"
"Dec 06, 2018","12.96","13.68","13.68","12.89","1.62M","-5.33%"
"Dec 05, 2018","13.69","12.90","13.80","12.79","1.79M","0.00%"
"Dec 04, 2018","13.69","14.20","14.40","13.60","1.89M","-2.63%"
"Dec 03, 2018","14.06","14.85","14.97","14.06","2.20M","-2.50%"
"Nov 30, 2018","14.42","13.86","14.65","13.61","3.26M","3.97%"
"Nov 29, 2018","13.87","13.40","13.96","12.99","3.08M","8.70%"
"Nov 28, 2018","12.76","13.60","14.29","12.60","5.53M","-1.62%"
"Nov 27, 2018","12.97","12.32","13.11","12.19","3.02M","8.63%"
"Nov 26, 2018","11.94","11.34","12.20","11.34","1.46M","5.76%"
"Nov 23, 2018","11.29","11.11","11.36","10.98","573.16K","1.53%"
"Nov 22, 2018","11.12","10.90","11.39","10.86","1.32M","4.61%"
"Nov 21, 2018","10.63","10.71","10.79","10.36","2.71M","-5.09%"
"Nov 20, 2018","11.20","11.45","11.45","11.13","2.31M","-4.76%"
"Nov 19, 2018","11.76","12.98","12.99","11.60","2.22M","-8.77%"
"Nov 16, 2018","12.89","11.95","13.49","11.52","3.25M","10.27%"
"Nov 15, 2018","11.69","11.50","11.78","11.32","1.48M","1.30%"
"Nov 14, 2018","11.54","11.92","12.12","11.52","1.95M","-1.79%"
"Nov 13, 2018","11.75","11.80","12.05","11.51","2.55M","-6.00%"
"Nov 12, 2018","12.50","12.98","13.29","12.48","1.81M","-7.34%"
"Nov 09, 2018","13.49","13.80","13.97","13.20","2.47M","-6.64%"
"Nov 08, 2018","14.45","14.03","14.99","14.01","2.83M","11.07%"
"Nov 07, 2018","13.01","13.05","13.20","12.50","1.08M","0.08%"
"Nov 06, 2018","13.00","12.83","13.11","12.67","984.25K","0.78%"
"Nov 05, 2018","12.90","13.10","13.49","12.75","1.15M","-1.38%"
"Nov 02, 2018","13.08","13.09","13.72","12.80","1.96M","0.93%"
"Nov 01, 2018","12.96","12.91","13.00","12.60","1.44M","3.76%"
"Oct 31, 2018","12.49","12.75","13.09","12.01","1.97M","0.97%"
"Oct 30, 2018","12.37","11.15","12.53","10.87","2.24M","9.37%"
"Oct 29, 2018","11.31","11.50","11.70","11.06","1.94M","-0.53%"
"Oct 26, 2018","11.37","12.04","12.45","11.30","2.08M","-2.99%"
"Oct 25, 2018","11.72","11.88","11.93","11.58","2.13M","-4.40%"
"Oct 24, 2018","12.26","13.00","13.19","12.21","1.24M","-3.01%"
"Oct 23, 2018","12.64","13.00","13.25","12.63","1.13M","-1.63%"
"Oct 22, 2018","12.85","12.42","13.05","12.17","1.62M","2.80%"
"Oct 19, 2018","12.50","12.84","12.86","12.27","2.29M","-3.47%"
"Oct 18, 2018","12.95","12.48","13.50","12.02","5.83M","14.10%"
"Oct 17, 2018","11.35","15.10","15.12","11.10","7.28M","-18.93%"
"Oct 16, 2018","14.00","13.85","14.08","13.31","2.22M","1.67%"
"Oct 15, 2018","13.77","15.06","15.32","13.68","2.69M","-6.64%"
"Oct 12, 2018","14.75","13.70","15.25","13.60","3.28M","7.19%"
"Oct 11, 2018","13.76","14.48","14.60","13.58","4.99M","-11.05%"
"Oct 10, 2018","15.47","15.93","15.93","15.35","1.90M","-3.13%"
"Oct 09, 2018","15.97","16.70","16.75","15.54","2.64M","-4.54%"
"Oct 08, 2018","16.73","17.68","17.68","16.29","1.96M","-5.48%"
"Oct 05, 2018","17.70","17.75","18.06","17.20","1.25M","-0.23%"
"Oct 04, 2018","17.74","18.04","18.40","17.60","1.35M","-0.45%"
"Oct 03, 2018","17.82","17.44","17.86","17.19","774.61K","2.24%"
"Oct 02, 2018","17.43","17.53","17.82","17.24","810.21K","0.23%"
"Oct 01, 2018","17.39","17.99","18.14","17.32","911.43K","-3.12%"
"Sep 28, 2018","17.95","17.95","18.50","17.82","2.05M","0.84%"
"Sep 27, 2018","17.80","17.25","17.85","16.70","1.85M","4.89%"
"Sep 26, 2018","16.97","16.24","17.00","16.16","1.52M","6.06%"
"Sep 25, 2018","16.00","16.16","16.20","15.65","1.10M","-1.42%"
"Sep 24, 2018","16.23","16.00","16.45","15.86","1.62M","2.59%"
"Sep 21, 2018","15.82","15.25","15.97","15.13","4.23M","4.77%"
"Sep 20, 2018","15.10","15.56","15.79","15.07","2.58M","-3.82%"
"Sep 19, 2018","15.70","16.10","16.28","15.59","2.43M","-1.51%"
"Sep 18, 2018","15.94","16.70","16.70","15.44","2.42M","-5.12%"
"Sep 17, 2018","16.80","17.27","17.40","16.70","1.38M","-2.72%"
"Sep 14, 2018","17.27","16.91","17.29","16.57","1.59M","4.22%"
"Sep 13, 2018","16.57","17.24","17.48","16.50","1.30M","-2.87%"
"Sep 12, 2018","17.06","17.30","17.50","16.64","1.74M","-0.12%"
"Sep 11, 2018","17.08","16.50","17.26","16.49","3.31M","6.02%"
"Sep 10, 2018","16.11","15.00","16.47","14.90","3.00M","7.40%"
"Sep 07, 2018","15.00","15.44","15.80","14.95","3.87M","-6.25%"
"Sep 06, 2018","16.00","16.52","16.58","15.32","3.84M","-4.31%"
"Sep 05, 2018","16.72","17.50","17.78","16.51","2.53M","-3.74%"
"Sep 04, 2018","17.37","17.65","17.99","17.09","2.12M","-1.59%"
"Sep 03, 2018","17.65","18.11","18.94","17.56","2.69M","-2.65%"
"Aug 31, 2018","18.13","17.50","18.72","17.26","3.02M","0.61%"
"Aug 30, 2018","18.02","18.76","19.10","17.71","3.53M","-4.91%"
"Aug 29, 2018","18.95","19.95","19.98","18.85","2.98M","-5.01%"
"Aug 28, 2018","19.95","21.34","21.48","19.62","3.80M","-5.58%"
"Aug 27, 2018","21.13","20.00","21.42","19.99","3.51M","7.31%"
"Aug 24, 2018","19.69","22.01","23.00","19.40","5.49M","6.15%"
"Aug 22, 2018","18.55","18.21","18.83","17.83","3.13M","3.52%"
"Aug 21, 2018","17.92","17.50","18.31","17.50","2.22M","2.40%"
"Aug 20, 2018","17.50","16.98","17.70","16.80","2.78M","5.36%"
"Aug 17, 2018","16.61","16.35","16.87","16.30","1.73M","2.22%"
"Aug 16, 2018","16.25","16.15","16.63","15.89","1.72M","-0.85%"
"Aug 15, 2018","16.39","15.14","16.42","15.14","2.70M","8.54%"
"Aug 14, 2018","15.10","14.62","15.25","14.27","2.35M","5.82%"
"Aug 13, 2018","14.27","14.60","14.79","14.16","945.14K","-2.06%"
"Aug 10, 2018","14.57","14.37","14.65","14.21","811.04K","1.89%"
"Aug 09, 2018","14.30","14.75","14.86","14.18","1.05M","-2.46%"
"Aug 08, 2018","14.66","14.65","14.95","14.44","1.30M","0.76%"
"Aug 07, 2018","14.55","14.39","14.70","14.31","1.06M","1.68%"
"Aug 06, 2018","14.31","14.61","14.77","14.20","952.57K","0.00%"
"Aug 03, 2018","14.31","13.91","14.47","13.82","1.37M","4.07%"
"Aug 02, 2018","13.75","14.09","14.45","13.72","1.82M","-0.51%"
"Aug 01, 2018","13.82","14.26","14.50","13.80","1.53M","-2.54%"
"Jul 31, 2018","14.18","14.52","14.54","13.80","1.35M","-2.27%"
"Jul 30, 2018","14.51","14.45","14.89","14.26","986.74K","0.83%"
"Jul 27, 2018","14.39","13.90","14.62","13.49","1.53M","2.86%"
"Jul 26, 2018","13.99","14.80","14.80","13.90","2.15M","-5.15%"
"Jul 25, 2018","14.75","14.47","15.05","14.46","1.81M","2.22%"
"Jul 24, 2018","14.43","15.00","15.18","14.40","2.39M","-4.06%"
"Jul 23, 2018","15.04","14.98","15.64","14.63","4.01M","4.59%"
"Jul 20, 2018","14.38","14.25","16.19","13.90","6.70M","6.28%"
"Jul 19, 2018","13.53","11.00","13.84","10.98","6.19M","23.90%"
"Jul 18, 2018","10.92","10.53","11.00","10.52","1.09M","4.60%"
"Jul 17, 2018","10.44","10.65","10.74","10.36","1.11M","-2.88%"
"Jul 16, 2018","10.75","11.01","11.11","10.60","1.80M","-2.09%"
"Jul 13, 2018","10.98","11.07","11.40","10.94","2.07M","1.20%"
"Jul 12, 2018","10.85","10.50","10.97","10.45","1.65M","4.33%"
"Jul 11, 2018","10.40","10.43","10.55","10.30","1.29M","0.00%"
"Jul 10, 2018","10.40","10.35","10.67","10.31","1.89M","1.46%"
"Jul 09, 2018","10.25","10.00","10.35","9.89","1.41M","3.02%"
"Jul 06, 2018","9.95","9.95","10.13","9.80","1.17M","0.30%"
"Jul 05, 2018","9.92","10.08","10.08","9.73","1.19M","0.10%"
"Jul 04, 2018","9.91","9.41","9.98","9.09","1.85M","4.98%"
"Jul 03, 2018","9.44","9.65","9.87","9.26","1.43M","-1.15%"
"Jul 02, 2018","9.55","9.42","9.77","9.42","1.65M","2.14%"
"Jun 29, 2018","9.35","8.97","9.52","8.91","3.45M","8.85%"
"Jun 28, 2018","8.59","8.91","8.92","8.49","973.76K","-3.91%"
"Jun 27, 2018","8.94","8.75","8.97","8.73","825.66K","2.05%"
"Jun 26, 2018","8.76","8.80","8.85","8.64","726.21K","-1.24%"
"Jun 25, 2018","8.87","8.74","8.92","8.65","812.35K","1.72%"
"Jun 22, 2018","8.72","8.97","8.98","8.56","1.23M","-2.90%"
"Jun 21, 2018","8.98","9.07","9.17","8.93","1.38M","1.93%"
"Jun 20, 2018","8.81","8.84","8.94","8.70","1.23M","0.11%"
"Jun 19, 2018","8.80","8.95","9.00","8.70","1.20M","-1.12%"
"Jun 18, 2018","8.90","9.18","9.18","8.68","1.26M","-2.41%"
"Jun 15, 2018","9.12","9.15","9.47","9.09","7.69M","0.44%"
"Jun 14, 2018","9.08","8.45","9.08","8.41","2.29M","7.71%"
"Jun 13, 2018","8.43","8.46","8.55","8.41","1.15M","-0.12%"
"Jun 12, 2018","8.44","8.45","8.60","8.38","1.79M","0.96%"
"Jun 08, 2018","8.36","8.20","8.47","8.00","2.31M","2.20%"
"Jun 07, 2018","8.18","8.26","8.28","7.80","1.23M","0.37%"
"Jun 06, 2018","8.15","8.54","8.62","7.74","3.73M","-4.57%"
"Jun 05, 2018","8.54","8.40","8.78","8.31","2.33M","4.79%"
"Jun 04, 2018","8.15","7.90","8.15","7.80","1.25M","5.84%"
"Jun 01, 2018","7.70","7.80","8.11","7.62","1.48M","-1.53%"
"May 31, 2018","7.82","7.48","7.82","7.48","1.82M","5.68%"
"May 30, 2018","7.40","7.75","7.78","7.38","1.37M","-5.01%"
"May 29, 2018","7.79","7.75","7.90","7.73","1.10M","1.17%"
"May 28, 2018","7.70","7.71","7.83","7.65","1.14M","0.26%"
"May 25, 2018","7.68","7.50","7.72","7.40","1.54M","3.50%"
"May 24, 2018","7.42","7.28","7.58","7.25","2.55M","3.06%"
"May 23, 2018","7.20","7.19","7.20","7.06","717.95K","0.42%"
"May 22, 2018","7.17","7.10","7.36","6.90","1.81M","1.85%"
"May 21, 2018","7.04","7.07","7.17","7.02","786.98K","-0.42%"
"May 18, 2018","7.07","7.27","7.35","7.06","694.83K","-2.75%"
"May 17, 2018","7.27","7.27","7.50","7.19","1.31M","0.28%"
"May 16, 2018","7.25","7.50","7.51","7.03","1.74M","-2.68%"
"May 15, 2018","7.45","7.16","7.68","7.16","3.13M","7.04%"
"May 14, 2018","6.96","6.85","6.98","6.85","466.06K","1.75%"
"May 11, 2018","6.84","7.00","7.03","6.60","766.96K","-2.29%"
"May 10, 2018","7.00","7.07","7.32","6.85","1.45M","0.29%"
"May 09, 2018","6.98","6.47","7.03","6.46","1.45M","8.22%"
"May 08, 2018","6.45","6.31","6.48","6.25","712.72K","2.38%"
"May 07, 2018","6.30","6.21","6.37","6.21","1.13M","2.11%"
"May 04, 2018","6.17","6.20","6.29","6.12","747.46K","-0.48%"
"May 03, 2018","6.20","5.96","6.20","5.89","786.83K","4.20%"
"May 02, 2018","5.95","5.96","5.99","5.92","443.95K","0.34%"
"May 01, 2018","5.93","5.98","5.98","5.84","717.11K","-1.00%"
"Apr 30, 2018","5.99","5.99","6.03","5.78","435.72K","0.67%"
"Apr 27, 2018","5.95","5.78","5.95","5.77","503.57K","3.48%"
"Apr 26, 2018","5.75","5.65","5.88","5.60","719.78K","3.23%"
"Apr 24, 2018","5.57","5.46","5.61","5.41","341.43K","2.58%"
"Apr 23, 2018","5.43","5.70","5.73","5.39","1.04M","-3.72%"
"Apr 20, 2018","5.64","5.71","5.78","5.63","611.47K","-0.18%"
"Apr 19, 2018","5.65","6.10","6.14","5.65","672.77K","-5.83%"
"Apr 18, 2018","6.00","5.98","6.15","5.92","981.59K","1.52%"
"Apr 17, 2018","5.91","5.72","5.98","5.70","594.69K","5.16%"
"Apr 16, 2018","5.62","5.61","5.78","5.58","464.62K","0.54%"
"Apr 13, 2018","5.59","5.33","5.68","5.33","953.38K","4.49%"
"Apr 12, 2018","5.35","5.45","5.46","5.26","2.29M","-4.46%"
"Apr 11, 2018","5.60","6.00","6.18","5.49","2.49M","-5.72%"
"Apr 10, 2018","5.94","5.52","6.04","5.43","1.32M","8.59%"
"Apr 09, 2018","5.47","5.49","5.60","5.42","785.75K","0.37%"
"Apr 06, 2018","5.45","5.80","5.82","5.32","2.01M","-6.03%"
"Apr 05, 2018","5.80","5.70","5.95","5.70","1.52M","2.65%"
"Apr 04, 2018","5.65","6.00","6.00","5.43","3.99M","-5.83%"
"Apr 03, 2018","6.00","6.35","6.40","5.93","1.74M","-6.83%"
"Mar 29, 2018","6.44","6.76","6.77","6.44","911.61K","-4.87%"
"Mar 28, 2018","6.77","6.70","6.90","6.65","630.18K","0.15%"
"Mar 27, 2018","6.76","6.86","6.92","6.74","965.69K","0.90%"
"Mar 26, 2018","6.70","7.02","7.08","6.69","1.89M","-6.03%"
"Mar 23, 2018","7.13","6.90","7.13","6.83","1.86M","-0.28%"
"Mar 22, 2018","7.15","7.22","7.29","7.00","721.28K","0.00%"
"Mar 21, 2018","7.15","7.00","7.30","7.00","1.44M","3.17%"
"Mar 20, 2018","6.93","6.71","6.96","6.33","2.73M","0.73%"
"Mar 19, 2018","6.88","7.32","7.41","6.81","2.37M","-6.01%"
"Mar 16, 2018","7.32","7.57","7.62","7.29","5.30M","-3.30%"
"Mar 15, 2018","7.57","7.78","7.78","7.32","1.85M","-1.69%"
"Mar 14, 2018","7.70","7.80","7.82","7.63","1.17M","-1.28%"
"Mar 13, 2018","7.80","7.87","7.87","7.76","1.19M","0.00%"
"Mar 12, 2018","7.80","7.92","8.00","7.71","2.76M","0.00%"
"Mar 09, 2018","7.80","7.74","7.93","7.67","1.91M","1.56%"
"Mar 08, 2018","7.68","7.70","7.77","7.67","1.39M","0.00%"
"Mar 07, 2018","7.68","7.58","7.76","7.49","2.16M","1.86%"
"Mar 06, 2018","7.54","7.43","7.55","7.30","1.15M","2.45%"
"Mar 05, 2018","7.36","7.20","7.37","7.03","1.05M","2.36%"
"Mar 02, 2018","7.19","7.05","7.29","6.98","1.36M","1.27%"
"Mar 01, 2018","7.10","7.19","7.20","6.98","1.17M","-1.80%"
"Feb 28, 2018","7.23","7.04","7.33","6.90","871.22K","3.88%"
"Feb 27, 2018","6.96","7.25","7.30","6.80","1.18M","-2.25%"
"Feb 26, 2018","7.12","7.23","7.40","7.08","850.56K","-0.97%"
"Feb 23, 2018","7.19","7.63","7.65","7.00","1.16M","-4.52%"
"Feb 22, 2018","7.53","7.75","7.97","7.40","2.84M","1.89%"
"Feb 21, 2018","7.39","7.00","7.58","7.00","1.92M","6.48%"
"Feb 20, 2018","6.94","6.65","6.94","6.63","1.00M","4.83%"
"Feb 19, 2018","6.62","6.86","6.87","6.62","463.01K","-1.93%"
"Feb 16, 2018","6.75","6.75","6.87","6.73","913.81K","1.05%"
"Feb 15, 2018","6.68","6.69","6.77","6.65","632.89K","1.37%"
"Feb 14, 2018","6.59","6.60","6.67","6.51","712.10K","2.01%"
"Feb 13, 2018","6.46","6.50","6.76","6.46","1.07M","2.05%"
"Feb 12, 2018","6.33","6.60","6.79","6.26","1.38M","-4.09%"
"Feb 09, 2018","6.60","6.67","6.77","6.50","1.29M","-3.65%"
"Feb 08, 2018","6.85","6.99","7.01","6.80","969.33K","-0.15%"
"Feb 07, 2018","6.86","6.92","7.26","6.80","1.70M","6.36%"
"Feb 06, 2018","6.45","6.61","6.89","6.40","2.10M","-8.51%"
"Feb 05, 2018","7.05","7.13","7.35","7.00","1.39M","-6.62%"
"Feb 02, 2018","7.55","7.50","7.65","7.50","668.48K","-0.40%"
"Feb 01, 2018","7.58","7.36","7.70","7.36","499.40K","2.99%"
"Jan 31, 2018","7.36","7.47","7.47","7.11","819.37K","-2.13%"
"Jan 30, 2018","7.52","7.71","7.74","7.51","744.82K","-2.46%"
"Jan 29, 2018","7.71","7.80","7.83","7.71","961.13K","-0.13%"
"Jan 25, 2018","7.72","7.73","7.80","7.71","494.90K","0.13%"
"Jan 24, 2018","7.71","7.77","7.82","7.71","648.93K","-0.64%"
"Jan 23, 2018","7.76","7.73","7.84","7.72","1.28M","0.78%"
"Jan 22, 2018","7.70","7.54","7.78","7.52","1.21M","2.80%"
"Jan 19, 2018","7.49","7.60","7.60","7.48","836.46K","-0.13%"
"Jan 18, 2018","7.50","7.89","7.95","7.40","2.00M","-3.85%"
"Jan 17, 2018","7.80","8.01","8.16","7.71","2.66M","2.36%"
"Jan 16, 2018","7.62","6.60","7.62","6.56","3.21M","16.87%"
"Jan 15, 2018","6.52","6.55","6.60","6.51","619.93K","0.31%"
"Jan 12, 2018","6.50","6.45","6.53","6.44","825.98K","1.09%"
"Jan 11, 2018","6.43","6.43","6.56","6.31","768.63K","-0.46%"
"Jan 10, 2018","6.46","6.67","6.68","6.33","976.47K","-3.00%"
"Jan 09, 2018","6.66","6.77","6.82","6.58","986.52K","0.91%"
"Jan 08, 2018","6.60","6.75","7.00","6.57","931.50K","-0.75%"
"Jan 05, 2018","6.65","6.39","6.79","6.39","1.07M","4.72%"
"Jan 04, 2018","6.35","6.30","6.40","6.30","356.24K","1.44%"
"Jan 03, 2018","6.26","6.50","6.55","6.20","775.10K","0.00%"
"Jan 02, 2018","6.26","6.00","6.31","6.00","859.63K","4.86%"
"Dec 29, 2017","5.97","6.04","6.04","5.95","289.83K","-1.16%"
"Dec 28, 2017","6.04","6.04","6.05","5.98","385.59K","0.33%"
"Dec 27, 2017","6.02","5.99","6.02","5.93","289.41K","1.86%"
"Dec 22, 2017","5.91","6.00","6.07","5.90","967.20K","0.17%"
"Dec 21, 2017","5.90","5.89","5.95","5.81","1.89M","3.87%"
"Dec 20, 2017","5.68","5.57","5.74","5.54","1.06M","2.16%"
"Dec 19, 2017","5.56","5.37","5.60","5.31","1.14M","4.32%"
"Dec 18, 2017","5.33","5.33","5.44","5.27","661.30K","0.57%"
"Dec 15, 2017","5.30","5.21","5.30","5.15","1.28M","1.92%"
"Dec 14, 2017","5.20","5.20","5.27","5.16","346.99K","0.97%"
"Dec 13, 2017","5.15","5.27","5.29","5.10","1.07M","-2.09%"
"Dec 12, 2017","5.26","5.19","5.27","5.19","1.17M","1.74%"
"Dec 11, 2017","5.17","5.16","5.21","5.13","857.21K","0.58%"
"Dec 08, 2017","5.14","5.05","5.21","5.01","945.42K","1.78%"
"Dec 07, 2017","5.05","4.99","5.13","4.93","612.30K","2.64%"
"Dec 06, 2017","4.92","5.16","5.23","4.90","1.28M","-4.65%"
"Dec 05, 2017","5.16","5.23","5.42","5.12","1.56M","0.00%"
"Dec 04, 2017","5.16","5.10","5.29","5.05","2.16M","7.50%"
"Dec 01, 2017","4.80","5.01","5.12","4.75","1.09M","-4.00%"
"Nov 30, 2017","5.00","5.12","5.15","4.97","3.76M","-1.57%"
"Nov 29, 2017","5.08","5.10","5.24","4.95","841.10K","-2.31%"
"Nov 28, 2017","5.20","4.95","5.24","4.81","1.40M","5.69%"
"Nov 27, 2017","4.92","5.30","5.30","4.70","1.89M","-5.93%"
"Nov 24, 2017","5.23","5.37","5.37","5.10","1.17M","-2.43%"
"Nov 23, 2017","5.36","5.65","5.65","5.35","946.95K","-5.13%"
"Nov 22, 2017","5.65","5.70","5.78","5.61","645.23K","-1.05%"
"Nov 21, 2017","5.71","5.72","5.76","5.62","656.95K","-0.17%"
"Nov 20, 2017","5.72","5.44","5.80","5.44","1.01M","4.76%"
"Nov 17, 2017","5.46","5.50","5.60","5.43","909.21K","-0.73%"
"Nov 16, 2017","5.50","5.38","5.62","5.23","3.22M","-5.01%"
"Nov 15, 2017","5.79","5.84","5.85","5.60","708.45K","-0.17%"
"Nov 14, 2017","5.80","6.00","6.00","5.72","775.20K","-2.36%"
"Nov 13, 2017","5.94","5.71","5.97","5.70","926.09K","5.69%"
"Nov 10, 2017","5.62","5.48","5.73","5.47","807.39K","2.74%"
"Nov 09, 2017","5.47","5.49","5.53","5.37","484.57K","0.74%"
"Nov 08, 2017","5.43","5.49","5.63","5.43","628.75K","0.18%"
"Nov 07, 2017","5.42","5.55","5.70","5.38","907.75K","-1.28%"
"Nov 06, 2017","5.49","5.26","5.51","5.23","1.07M","5.58%"
"Nov 03, 2017","5.20","5.18","5.25","5.16","1.07M","0.97%"
"Nov 02, 2017","5.15","5.20","5.27","5.14","802.81K","-0.39%"
"Nov 01, 2017","5.17","5.22","5.30","5.10","993.72K","-0.58%"
"Oct 31, 2017","5.20","5.30","5.30","5.09","610.37K","-1.89%"
"Oct 30, 2017","5.30","5.45","5.48","5.15","740.82K","-1.30%"
"Oct 27, 2017","5.37","5.40","5.55","5.36","545.82K","0.00%"
"Oct 26, 2017","5.37","5.45","5.45","5.18","530.15K","-1.47%"
"Oct 25, 2017","5.45","5.45","5.50","5.43","441.90K","0.18%"
"Oct 24, 2017","5.44","5.53","5.59","5.33","986.57K","-1.09%"
"Oct 23, 2017","5.50","5.44","5.62","5.44","917.24K","1.29%"
"Oct 20, 2017","5.43","5.39","5.44","5.20","1.10M","0.74%"
"Oct 19, 2017","5.39","5.28","5.54","5.28","2.11M","4.05%"
"Oct 18, 2017","5.18","5.05","5.29","4.86","2.41M","10.21%"
"Oct 17, 2017","4.70","4.38","4.70","4.38","1.21M","8.55%"
"Oct 16, 2017","4.33","4.33","4.37","4.30","367.51K","0.23%"
"Oct 13, 2017","4.32","4.37","4.37","4.29","332.87K","-1.14%"
"Oct 12, 2017","4.37","4.32","4.38","4.32","411.28K","1.63%"
"Oct 11, 2017","4.30","4.31","4.35","4.21","301.78K","0.23%"
"Oct 10, 2017","4.29","4.36","4.38","4.23","296.04K","-1.15%"
"Oct 09, 2017","4.34","4.30","4.47","4.27","294.79K","1.64%"
"Oct 06, 2017","4.27","4.16","4.30","4.15","207.38K","3.39%"
"Oct 05, 2017","4.13","4.22","4.23","4.12","448.20K","-2.13%"
"Oct 04, 2017","4.22","4.20","4.25","4.15","322.00K","0.48%"
"Oct 03, 2017","4.20","4.33","4.38","4.17","469.72K","-2.55%"
"Oct 02, 2017","4.31","4.23","4.33","4.20","221.78K","3.11%"
"Sep 29, 2017","4.18","4.14","4.21","4.09","303.13K","2.45%"
"Sep 28, 2017","4.08","4.18","4.18","4.03","1.67M","-0.73%"
"Sep 27, 2017","4.11","4.36","4.40","4.10","1.10M","-0.96%"
"Sep 26, 2017","4.15","4.22","4.23","4.07","594.76K","-2.35%"
"Sep 25, 2017","4.25","4.32","4.35","4.25","452.67K","-1.16%"
"Sep 22, 2017","4.30","4.36","4.40","4.27","352.50K","-0.92%"
"Sep 21, 2017","4.34","4.34","4.44","4.30","820.44K","1.40%"
"Sep 20, 2017","4.28","4.36","4.39","4.27","382.97K","-1.38%"
"Sep 19, 2017","4.34","4.25","4.46","4.23","651.78K","1.40%"
"Sep 18, 2017","4.28","4.45","4.48","4.26","535.69K","-3.82%"
"Sep 15, 2017","4.45","4.60","4.63","4.44","2.70M","-3.26%"
"Sep 14, 2017","4.60","4.48","4.75","4.48","1.60M","5.02%"
"Sep 13, 2017","4.38","4.15","4.42","4.15","1.91M","9.50%"
"Sep 12, 2017","4.00","3.87","4.00","3.87","525.51K","3.36%"
"Sep 11, 2017","3.87","3.88","3.88","3.85","301.91K","0.00%"
"Sep 08, 2017","3.87","3.85","3.88","3.81","468.07K","1.84%"
"Sep 07, 2017","3.80","3.82","3.84","3.78","693.00K","0.00%"
"Sep 06, 2017","3.80","3.83","3.84","3.79","931.28K","-1.04%"
"Sep 05, 2017","3.84","3.84","3.85","3.77","502.61K","-0.26%"
"Sep 04, 2017","3.85","3.89","3.89","3.80","381.52K","-0.26%"
"Sep 01, 2017","3.86","3.84","3.90","3.82","1.21M","2.39%"
"Aug 31, 2017","3.77","3.70","3.89","3.66","1.43M","3.01%"
"Aug 30, 2017","3.66","3.58","3.73","3.57","1.93M","3.68%"
"Aug 29, 2017","3.53","3.56","3.59","3.47","798.84K","-0.28%"
"Aug 28, 2017","3.54","3.62","3.72","3.53","772.45K","-1.67%"
"Aug 25, 2017","3.60","3.32","3.64","3.31","1.79M","11.11%"
"Aug 24, 2017","3.24","3.09","3.24","3.05","2.20M","4.85%"
"Aug 23, 2017","3.09","3.09","3.11","3.08","457.11K","0.00%"
"Aug 22, 2017","3.09","3.09","3.13","3.07","1.16M","0.00%"
"Aug 21, 2017","3.09","3.06","3.10","3.06","1.26M","1.31%"
"Aug 18, 2017","3.05","3.00","3.05","2.94","202.07K","1.67%"
"Aug 17, 2017","3.00","3.02","3.04","2.98","358.01K","-0.33%"
"Aug 16, 2017","3.01","3.00","3.01","2.94","104.38K","0.33%"
"Aug 15, 2017","3.00","3.04","3.05","2.95","93.84K","-1.32%"
"Aug 14, 2017","3.04","2.96","3.04","2.95","232.65K","2.36%"
"Aug 11, 2017","2.97","3.01","3.01","2.96","176.47K","-2.30%"
"Aug 10, 2017","3.04","3.05","3.07","3.01","201.08K","-0.33%"
"Aug 09, 2017","3.05","3.06","3.08","3.03","124.17K","0.00%"
"Aug 08, 2017","3.05","3.07","3.07","3.03","266.71K","-0.65%"
"Aug 07, 2017","3.07","3.07","3.07","3.03","185.87K","0.00%"
"Aug 04, 2017","3.07","3.07","3.08","3.02","80.83K","0.66%"
"Aug 03, 2017","3.05","3.05","3.07","3.01","67.43K","0.00%"
"Aug 02, 2017","3.05","3.08","3.08","3.03","100.72K","-0.97%"
"Aug 01, 2017","3.08","3.10","3.10","3.05","134.27K","-0.65%"
"Jul 31, 2017","3.10","3.08","3.10","3.05","172.07K","0.65%"
"Jul 28, 2017","3.08","3.09","3.10","3.05","218.70K","-0.32%"
"Jul 27, 2017","3.09","3.09","3.10","3.05","115.77K","0.00%"
"Jul 26, 2017","3.09","3.06","3.10","3.06","87.03K","0.98%"
"Jul 25, 2017","3.06","3.04","3.10","3.02","151.92K","1.32%"
"Jul 24, 2017","3.02","3.10","3.10","3.02","254.88K","-2.58%"
"Jul 21, 2017","3.10","3.07","3.10","3.07","164.88K","0.98%"
"Jul 20, 2017","3.07","3.10","3.10","3.07","354.68K","-0.97%"
"Jul 19, 2017","3.10","3.11","3.11","3.09","338.63K","0.00%"
"Jul 18, 2017","3.10","3.08","3.10","3.07","182.95K","0.32%"
"Jul 17, 2017","3.09","3.10","3.10","3.06","283.95K","-0.32%"
"Jul 14, 2017","3.10","3.06","3.14","3.06","617.48K","1.64%"
"Jul 13, 2017","3.05","3.03","3.13","3.03","1.06M","0.66%"
"Jul 12, 2017","3.03","3.00","3.05","3.00","153.24K","0.66%"
"Jul 11, 2017","3.01","2.89","3.07","2.89","274.61K","2.73%"
"Jul 10, 2017","2.93","3.15","3.15","2.85","431.29K","-5.79%"
"Jul 07, 2017","3.11","3.15","3.18","3.06","261.68K","-1.27%"
"Jul 06, 2017","3.15","3.20","3.20","3.13","308.74K","-0.94%"
"Jul 05, 2017","3.18","3.00","3.20","2.99","443.94K","6.00%"
"Jul 04, 2017","3.00","3.00","3.02","2.99","64.66K","0.00%"
"Jul 03, 2017","3.00","3.02","3.08","3.00","61.76K","1.69%"
"Jun 30, 2017","2.95","2.68","2.95","2.68","21.67K","9.26%"
"Jun 29, 2017","2.70","2.70","2.70","2.65","53.20K","-1.46%"
"Jun 28, 2017","2.74","2.73","2.74","2.67","102.18K","-0.36%"
"Jun 27, 2017","2.75","2.75","2.75","2.66","147.66K","0.00%"
"Jun 26, 2017","2.75","2.75","2.78","2.66","250.77K","1.10%"
"Jun 23, 2017","2.72","2.78","2.79","2.65","218.25K","-1.81%"
"Jun 22, 2017","2.77","2.84","2.86","2.76","157.41K","-2.81%"
"Jun 21, 2017","2.85","2.83","2.86","2.77","284.86K","0.71%"
"Jun 20, 2017","2.83","2.87","2.87","2.80","199.13K","-1.74%"
"Jun 19, 2017","2.88","2.82","2.89","2.80","313.92K","2.86%"
"Jun 16, 2017","2.80","2.82","2.83","2.76","204.17K","0.00%"
"Jun 15, 2017","2.80","2.86","2.89","2.80","210.31K","-2.10%"
"Jun 14, 2017","2.86","2.84","2.95","2.81","194.58K","1.42%"
"Jun 13, 2017","2.82","2.94","2.94","2.76","418.19K","-4.41%"
"Jun 09, 2017","2.95","2.98","2.99","2.95","186.77K","-0.67%"
"Jun 08, 2017","2.97","3.00","3.01","2.94","138.42K","-1.00%"
"Jun 07, 2017","3.00","3.00","3.03","2.98","373.34K","0.00%"
"Jun 06, 2017","3.00","3.05","3.15","2.96","459.45K","-1.64%"
"Jun 05, 2017","3.05","2.83","3.05","2.82","887.71K","9.71%"
"Jun 02, 2017","2.78","2.86","2.87","2.78","401.04K","-2.11%"
"Jun 01, 2017","2.84","2.75","2.94","2.73","1.11M","6.37%"
"May 31, 2017","2.67","2.66","2.74","2.60","1.73M","4.71%"
"May 30, 2017","2.55","2.58","2.58","2.54","201.51K","-0.78%"
"May 29, 2017","2.57","2.62","2.62","2.54","130.51K","0.00%"
"May 26, 2017","2.57","2.59","2.60","2.55","128.60K","1.58%"
"May 25, 2017","2.53","2.60","2.60","2.52","159.90K","-2.69%"
"May 24, 2017","2.60","2.50","2.63","2.50","402.66K","4.00%"
"May 23, 2017","2.50","2.51","2.51","2.48","189.54K","0.00%"
"May 22, 2017","2.50","2.48","2.51","2.45","254.34K","2.46%"
"May 19, 2017","2.44","2.47","2.47","2.41","175.24K","-0.41%"
"May 18, 2017","2.45","2.49","2.49","2.42","339.76K","-1.61%"
"May 17, 2017","2.49","2.51","2.53","2.49","392.51K","-0.80%"
"May 16, 2017","2.51","2.55","2.57","2.50","279.20K","-1.57%"
"May 15, 2017","2.55","2.62","2.63","2.55","198.18K","1.19%"
"May 12, 2017","2.52","2.58","2.62","2.50","250.55K","0.80%"
"May 11, 2017","2.50","2.60","2.65","2.50","339.64K","-1.96%"
"May 10, 2017","2.55","2.56","2.66","2.50","468.69K","0.39%"
"May 09, 2017","2.54","2.50","2.55","2.48","130.17K","2.01%"
"May 08, 2017","2.49","2.48","2.54","2.48","250.94K","1.63%"
"May 05, 2017","2.45","2.43","2.45","2.41","108.03K","0.82%"
"May 04, 2017","2.43","2.45","2.45","2.42","931.18K","-0.82%"
"May 03, 2017","2.45","2.45","2.45","2.43","68.09K","0.00%"
"May 02, 2017","2.45","2.41","2.47","2.41","534.15K","1.24%"
"May 01, 2017","2.42","2.34","2.44","2.34","115.75K","3.42%"
"Apr 28, 2017","2.34","2.43","2.44","2.32","248.22K","-4.10%"
"Apr 27, 2017","2.44","2.45","2.45","2.40","182.36K","-0.41%"
"Apr 26, 2017","2.45","2.41","2.50","2.41","882.40K","2.08%"
"Apr 24, 2017","2.40","2.38","2.41","2.32","246.10K","1.27%"
"Apr 21, 2017","2.37","2.30","2.40","2.30","343.83K","3.04%"
"Apr 20, 2017","2.30","2.31","2.36","2.28","285.77K","0.00%"
"Apr 19, 2017","2.30","2.37","2.37","2.26","211.22K","-3.36%"
"Apr 18, 2017","2.38","2.52","2.54","2.33","598.51K","-3.25%"
"Apr 13, 2017","2.46","2.29","2.47","2.21","656.52K","12.33%"
"Apr 12, 2017","2.19","2.15","2.32","2.15","334.36K","1.86%"
"Apr 11, 2017","2.15","2.09","2.15","2.07","610.15K","4.88%"
"Apr 10, 2017","2.05","1.98","2.09","1.98","130.18K","3.54%"
"Apr 07, 2017","1.98","2.02","2.02","1.97","483.21K","-1.98%"
"Apr 06, 2017","2.02","2.09","2.09","1.97","381.35K","-2.88%"
"Apr 05, 2017","2.08","2.14","2.14","2.06","175.81K","-1.42%"
"Apr 04, 2017","2.11","2.13","2.15","2.02","105.17K","-0.94%"
"Apr 03, 2017","2.13","2.15","2.15","2.08","114.73K","-0.93%"
"Mar 31, 2017","2.15","2.18","2.19","2.14","119.29K","-0.46%"
"Mar 30, 2017","2.16","2.19","2.20","2.15","145.50K","-1.37%"
"Mar 29, 2017","2.19","2.19","2.23","2.14","90.51K","0.00%"
"Mar 28, 2017","2.19","2.15","2.20","2.14","39.29K","2.82%"
"Mar 27, 2017","2.13","2.16","2.19","2.12","86.56K","-2.29%"
"Mar 24, 2017","2.18","2.25","2.25","2.17","151.45K","-3.11%"
"Mar 23, 2017","2.25","2.24","2.25","2.20","78.93K","0.45%"
"Mar 22, 2017","2.24","2.22","2.25","2.19","68.62K","1.82%"
"Mar 21, 2017","2.20","2.28","2.28","2.19","47.41K","-3.51%"
"Mar 20, 2017","2.28","2.32","2.32","2.25","74.08K","-1.72%"
"Mar 17, 2017","2.32","2.33","2.35","2.29","351.86K","0.00%"
"Mar 16, 2017","2.32","2.32","2.35","2.28","177.06K","1.75%"
"Mar 15, 2017","2.28","2.20","2.36","2.16","749.46K","3.64%"
"Mar 14, 2017","2.20","2.19","2.25","2.19","35.32K","0.00%"
"Mar 13, 2017","2.20","2.25","2.25","2.18","56.27K","-1.79%"
"Mar 10, 2017","2.24","2.21","2.28","2.21","131.71K","3.23%"
"Mar 09, 2017","2.17","2.20","2.22","2.13","124.22K","-0.91%"
"Mar 08, 2017","2.19","2.16","2.20","2.13","52.46K","1.86%"
"Mar 07, 2017","2.15","2.16","2.21","2.13","50.08K","0.00%"
"Mar 06, 2017","2.15","2.25","2.25","2.15","110.61K","-2.27%"
"Mar 03, 2017","2.20","2.30","2.30","2.19","125.76K","-4.35%"
"Mar 02, 2017","2.30","2.30","2.30","2.24","534.87K","1.32%"
"Mar 01, 2017","2.27","2.24","2.29","2.20","1.89M","1.79%"
"Feb 28, 2017","2.23","2.30","2.30","2.18","176.32K","-1.76%"
"Feb 27, 2017","2.27","2.10","2.32","2.02","334.67K","4.61%"
"Feb 24, 2017","2.17","2.33","2.34","2.15","1.08M","-7.26%"
"Feb 23, 2017","2.34","2.50","2.59","2.30","3.57M","-4.88%"
"Feb 22, 2017","2.46","2.36","2.50","2.36","318.76K","7.89%"
"Feb 21, 2017","2.28","2.30","2.37","2.24","157.95K","2.70%"
"Feb 20, 2017","2.22","2.45","2.49","2.19","428.96K","-8.26%"
"Feb 17, 2017","2.42","2.55","2.55","2.35","594.22K","-5.10%"
"Feb 16, 2017","2.55","2.65","2.65","2.52","158.10K","-3.77%"
"Feb 15, 2017","2.65","2.74","2.74","2.65","120.51K","-1.49%"
"Feb 14, 2017","2.69","2.80","2.80","2.67","103.64K","-3.93%"
"Feb 13, 2017","2.80","2.78","2.80","2.75","49.75K","1.82%"
"Feb 10, 2017","2.75","2.69","2.81","2.69","144.67K","3.38%"
"Feb 09, 2017","2.66","2.75","2.82","2.65","393.66K","-2.21%"
"Feb 08, 2017","2.72","2.61","2.74","2.60","121.11K","3.82%"
"Feb 07, 2017","2.62","2.70","2.70","2.56","119.43K","-4.38%"
"Feb 06, 2017","2.74","2.65","2.74","2.65","107.53K","3.40%"
"Feb 03, 2017","2.65","2.63","2.65","2.63","73.55K","0.38%"
"Feb 02, 2017","2.64","2.62","2.65","2.62","81.16K","0.76%"
"Feb 01, 2017","2.62","2.65","2.65","2.61","70.46K","-1.13%"
"Jan 31, 2017","2.65","2.64","2.65","2.63","19.58K","0.00%"
"Jan 30, 2017","2.65","2.71","2.77","2.65","105.96K","-2.21%"
"Jan 27, 2017","2.71","2.69","2.72","2.69","55.23K","2.65%"
"Jan 25, 2017","2.64","2.70","2.71","2.64","91.64K","-1.12%"
"Jan 24, 2017","2.67","2.68","2.70","2.66","36.02K","2.69%"
"Jan 23, 2017","2.60","2.71","2.74","2.59","161.43K","-4.06%"
"Jan 20, 2017","2.71","2.75","2.82","2.71","63.40K","-1.45%"
"Jan 19, 2017","2.75","2.65","2.79","2.65","96.58K","3.77%"
"Jan 18, 2017","2.65","2.67","2.80","2.64","134.09K","-0.75%"
"Jan 17, 2017","2.67","2.75","2.80","2.66","114.77K","-1.84%"
"Jan 16, 2017","2.72","2.49","2.73","2.42","88.34K","12.86%"
"Jan 13, 2017","2.41","2.43","2.48","2.40","33.70K","1.69%"
"Jan 12, 2017","2.37","2.48","2.48","2.37","66.73K","-2.07%"
"Jan 11, 2017","2.42","2.41","2.50","2.30","46.80K","-2.81%"
"Jan 10, 2017","2.49","2.50","2.51","2.41","29.21K","-0.40%"
"Jan 09, 2017","2.50","2.55","2.59","2.50","29.55K","-2.34%"
"Jan 06, 2017","2.56","2.59","2.59","2.56","13.73K","-1.16%"
"Jan 05, 2017","2.59","2.59","2.59","2.57","21.19K","0.00%"
"Jan 04, 2017","2.59","2.56","2.59","2.54","19.38K","2.37%"
"Jan 03, 2017","2.53","2.52","2.58","2.51","68.30K","0.40%"
"Dec 30, 2016","2.52","2.50","2.57","2.50","19.36K","2.02%"
"Dec 29, 2016","2.47","2.56","2.56","2.47","40.05K","-3.14%"
"Dec 28, 2016","2.55","2.55","2.55","2.42","146.40K","-1.16%"
"Dec 23, 2016","2.58","2.58","2.59","2.40","70.06K","1.18%"
"Dec 22, 2016","2.55","2.55","2.60","2.53","53.02K","0.00%"
"Dec 21, 2016","2.55","2.60","2.69","2.40","302.52K","-3.04%"
"Dec 20, 2016","2.63","2.68","2.68","2.62","16.78K","-0.75%"
"Dec 19, 2016","2.65","2.79","2.79","2.65","73.44K","-3.99%"
"Dec 16, 2016","2.76","2.77","2.80","2.76","78.52K","-0.36%"
"Dec 15, 2016","2.77","2.79","2.80","2.77","47.09K","-0.72%"
"Dec 14, 2016","2.79","2.78","2.81","2.78","48.07K","0.72%"
"Dec 13, 2016","2.77","2.71","2.84","2.71","53.44K","1.09%"
"Dec 12, 2016","2.74","2.80","2.87","2.74","75.53K","-1.44%"
"Dec 09, 2016","2.78","2.70","2.86","2.68","56.44K","4.91%"
"Dec 08, 2016","2.65","2.54","2.70","2.54","144.90K","5.58%"
"Dec 07, 2016","2.51","2.63","2.63","2.51","120.67K","-3.46%"
"Dec 06, 2016","2.60","2.70","2.70","2.57","190.92K","-3.70%"
"Dec 05, 2016","2.70","2.88","2.88","2.70","195.31K","-6.25%"
"Dec 02, 2016","2.88","2.95","2.95","2.87","72.00K","-0.69%"
"Dec 01, 2016","2.90","2.99","2.99","2.87","162.71K","0.69%"
"Nov 30, 2016","2.88","2.99","3.00","2.88","122.11K","-4.00%"
"Nov 29, 2016","3.00","2.83","3.08","2.82","727.23K","6.01%"
"Nov 28, 2016","2.83","2.88","2.90","2.82","138.00K","-1.74%"
"Nov 25, 2016","2.88","2.90","2.94","2.87","145.77K","-0.35%"
"Nov 24, 2016","2.89","2.82","2.92","2.82","1.42M","7.84%"
"Nov 23, 2016","2.68","2.62","2.70","2.60","172.54K","2.29%"
"Nov 22, 2016","2.62","2.52","2.63","2.52","332.19K","3.97%"
"Nov 21, 2016","2.52","2.54","2.55","2.48","128.59K","-0.79%"
"Nov 18, 2016","2.54","2.48","2.56","2.46","186.67K","3.25%"
"Nov 17, 2016","2.46","2.40","2.49","2.39","159.85K","2.07%"
"Nov 16, 2016","2.41","2.45","2.49","2.39","25.78K","0.42%"
"Nov 15, 2016","2.40","2.40","2.40","2.38","50.53K","0.84%"
"Nov 14, 2016","2.38","2.40","2.44","2.38","100.12K","0.00%"
"Nov 11, 2016","2.38","2.43","2.48","2.37","97.06K","-1.65%"
"Nov 10, 2016","2.42","2.40","2.46","2.39","161.14K","5.22%"
"Nov 09, 2016","2.30","2.41","2.45","2.25","121.33K","-4.17%"
"Nov 08, 2016","2.40","2.42","2.47","2.35","286.62K","3.45%"
"Nov 07, 2016","2.32","2.22","2.40","2.21","201.44K","4.50%"
"Nov 04, 2016","2.22","2.27","2.28","2.22","71.86K","-2.20%"
"Nov 03, 2016","2.27","2.24","2.31","2.24","182.42K","1.34%"
"Nov 02, 2016","2.24","2.46","2.46","2.20","221.11K","-8.94%"
"Nov 01, 2016","2.46","2.49","2.49","2.45","77.01K","-1.60%"
"Oct 31, 2016","2.50","2.50","2.51","2.49","127.50K","0.00%"
"Oct 28, 2016","2.50","2.52","2.58","2.50","132.50K","-0.79%"
"Oct 27, 2016","2.52","2.55","2.55","2.46","168.05K","-1.18%"
"Oct 26, 2016","2.55","2.50","2.59","2.46","470.34K","2.00%"
"Oct 25, 2016","2.50","2.59","2.64","2.50","131.25K","-2.72%"
"Oct 24, 2016","2.57","2.70","2.70","2.57","64.80K","-1.15%"
"Oct 21, 2016","2.60","2.57","2.70","2.56","83.78K","1.56%"
"Oct 20, 2016","2.56","2.74","2.74","2.55","160.61K","-6.57%"
"Oct 19, 2016","2.74","2.81","2.82","2.74","348.12K","0.37%"
"Oct 18, 2016","2.73","2.63","2.78","2.63","44.27K","7.06%"
"Oct 14, 2016","2.55","2.63","2.65","2.55","56.73K","0.00%"
"Oct 13, 2016","2.55","2.55","2.65","2.55","38.61K","2.41%"
"Oct 12, 2016","2.49","2.45","2.60","2.45","20.84K","2.47%"
"Oct 11, 2016","2.43","2.52","2.52","2.42","56.51K","-3.19%"
"Oct 10, 2016","2.51","2.57","2.57","2.41","192.23K","-3.46%"
"Oct 07, 2016","2.60","2.75","2.79","2.55","115.82K","-5.45%"
"Oct 06, 2016","2.75","2.75","2.75","2.67","39.86K","0.00%"
"Oct 05, 2016","2.75","2.80","2.80","2.72","50.50K","-1.43%"
"Oct 04, 2016","2.79","2.88","2.89","2.75","71.48K","-2.11%"
"Oct 03, 2016","2.85","2.83","2.88","2.80","46.37K","1.79%"
"Sep 30, 2016","2.80","2.85","2.90","2.72","58.88K","-0.71%"
"Sep 29, 2016","2.82","2.80","2.89","2.80","94.67K","0.36%"
"Sep 28, 2016","2.81","2.68","2.81","2.68","106.08K","4.85%"
"Sep 27, 2016","2.68","2.66","2.75","2.66","25.83K","0.75%"
"Sep 26, 2016","2.66","2.62","2.69","2.62","41.87K","1.53%"
"Sep 23, 2016","2.62","2.56","2.64","2.56","124.47K","2.34%"
"Sep 22, 2016","2.56","2.65","2.65","2.55","136.73K","-2.29%"
"Sep 21, 2016","2.62","2.76","2.76","2.55","181.31K","-4.73%"
"Sep 20, 2016","2.75","2.77","2.78","2.73","1.04M","0.00%"
"Sep 19, 2016","2.75","2.75","2.79","2.73","19.29K","1.48%"
"Sep 16, 2016","2.71","2.78","2.80","2.71","58.50K","0.00%"
"Sep 15, 2016","2.71","2.80","2.80","2.71","31.55K","-2.52%"
"Sep 14, 2016","2.78","2.77","2.81","2.77","58.23K","0.36%"
"Sep 13, 2016","2.77","2.85","2.86","2.77","51.17K","-2.12%"
"Sep 12, 2016","2.83","2.89","2.89","2.76","36.74K","-2.41%"
"Sep 09, 2016","2.90","3.05","3.08","2.90","146.96K","-4.92%"
"Sep 08, 2016","3.05","3.03","3.05","3.00","47.12K","2.01%"
"Sep 07, 2016","2.99","3.08","3.08","2.95","105.95K","-0.33%"
"Sep 06, 2016","3.00","2.95","3.14","2.95","141.26K","3.45%"
"Sep 05, 2016","2.90","2.81","2.91","2.81","172.20K","5.45%"
"Sep 02, 2016","2.75","2.69","2.84","2.69","154.87K","1.85%"
"Sep 01, 2016","2.70","2.52","2.73","2.52","105.45K","8.00%"
"Aug 31, 2016","2.50","2.65","2.73","2.50","109.16K","-5.66%"
"Aug 30, 2016","2.65","2.63","2.73","2.63","71.67K","1.15%"
"Aug 29, 2016","2.62","2.56","2.62","2.55","32.95K","0.77%"
"Aug 26, 2016","2.60","2.66","2.70","2.60","57.70K","-2.26%"
"Aug 25, 2016","2.66","2.75","2.85","2.66","61.09K","0.00%"
"Aug 24, 2016","2.66","2.75","2.75","2.66","79.98K","-1.85%"
"Aug 23, 2016","2.71","2.82","2.87","2.69","165.35K","-2.52%"
"Aug 22, 2016","2.78","2.46","2.80","2.46","190.74K","15.83%"
"Aug 19, 2016","2.40","2.41","2.43","2.38","91.30K","0.84%"
"Aug 18, 2016","2.38","2.38","2.39","2.31","109.82K","0.85%"
"Aug 17, 2016","2.36","2.30","2.42","2.30","51.70K","0.43%"
"Aug 16, 2016","2.35","2.29","2.35","2.28","65.23K","3.98%"
"Aug 15, 2016","2.26","2.26","2.29","2.20","201.99K","0.00%"
"Aug 12, 2016","2.26","2.20","2.30","2.20","183.43K","3.20%"
"Aug 11, 2016","2.19","2.35","2.35","2.19","127.79K","-7.20%"
"Aug 10, 2016","2.36","2.36","2.38","2.34","38.68K","-1.26%"
"Aug 09, 2016","2.39","2.43","2.44","2.38","50.94K","-1.24%"
"Aug 08, 2016","2.42","2.52","2.54","2.42","69.34K","-2.42%"
"Aug 05, 2016","2.48","2.50","2.52","2.47","75.73K","-0.80%"
"Aug 04, 2016","2.50","2.49","2.54","2.49","240.35K","2.88%"
"Aug 03, 2016","2.43","2.51","2.53","2.43","59.21K","-2.80%"
"Aug 02, 2016","2.50","2.40","2.60","2.40","172.68K","5.49%"
"Aug 01, 2016","2.37","2.34","2.37","2.30","131.56K","1.72%"
"Jul 29, 2016","2.33","2.34","2.34","2.25","104.84K","-2.10%"
"Jul 28, 2016","2.38","2.30","2.38","2.30","76.85K","3.48%"
"Jul 27, 2016","2.30","2.30","2.40","2.30","77.40K","4.07%"
"Jul 26, 2016","2.21","2.18","2.21","2.08","126.96K","2.79%"
"Jul 25, 2016","2.15","2.45","2.45","2.11","289.54K","-8.51%"
"Jul 22, 2016","2.35","2.60","2.64","2.21","296.93K","-6.00%"
"Jul 21, 2016","2.50","2.80","3.00","2.50","397.84K","-6.72%"
"Jul 20, 2016","2.68","2.31","2.90","2.28","370.52K","17.03%"
"Jul 19, 2016","2.29","2.30","2.35","2.28","220.93K","3.62%"
"Jul 18, 2016","2.21","2.04","2.30","2.04","177.83K","11.06%"
"Jul 15, 2016","1.99","1.98","2.11","1.95","356.64K","4.74%"
"Jul 14, 2016","1.90","1.76","1.93","1.76","578.63K","8.26%"
"Jul 13, 2016","1.75","1.80","1.80","1.75","143.07K","-1.96%"
"Jul 12, 2016","1.79","1.70","1.81","1.70","156.81K","9.15%"
"Jul 11, 2016","1.64","1.60","1.65","1.60","97.74K","2.50%"
"Jul 08, 2016","1.60","1.55","1.60","1.53","58.72K","0.00%"
"Jul 07, 2016","1.60","1.60","1.60","1.60","9.50K","0.00%"
"Jul 06, 2016","1.60","1.60","1.60","1.60","19.09K","0.00%"
"Jul 05, 2016","1.60","1.57","1.62","1.57","54.91K","1.91%"
"Jul 04, 2016","1.57","1.62","1.62","1.52","47.66K","-3.09%"
"Jul 01, 2016","1.62","1.46","1.62","1.46","2.06M","12.50%"
"Jun 30, 2016","1.44","1.43","1.44","1.43","39.70K","0.00%"
"Jun 29, 2016","1.44","1.43","1.44","1.41","12.37K","1.41%"
"Jun 28, 2016","1.42","1.43","1.43","1.41","18.89K","0.00%"
"Jun 27, 2016","1.42","1.40","1.43","1.40","51.04K","1.79%"
"Jun 24, 2016","1.40","1.45","1.45","1.39","59.27K","-1.75%"
"Jun 23, 2016","1.42","1.41","1.42","1.40","95.38K","0.00%"
"Jun 22, 2016","1.42","1.38","1.44","1.38","71.21K","4.41%"
"Jun 21, 2016","1.36","1.34","1.36","1.33","37.63K","0.74%"
"Jun 20, 2016","1.35","1.35","1.35","1.32","29.90K","1.50%"
"Jun 17, 2016","1.33","1.32","1.33","1.31","30.43K","0.76%"
"Jun 16, 2016","1.32","1.32","1.34","1.30","305.31K","-1.49%"
"Jun 15, 2016","1.34","1.32","1.34","1.30","33.94K","1.52%"
"Jun 14, 2016","1.32","1.36","1.36","1.32","83.67K","-2.94%"
"Jun 10, 2016","1.36","1.40","1.40","1.36","31.60K","-2.86%"
"Jun 09, 2016","1.40","1.40","1.41","1.40","69.30K","0.00%"
"Jun 08, 2016","1.40","1.41","1.41","1.39","96.91K","-1.41%"
"Jun 07, 2016","1.42","1.41","1.43","1.40","150.72K","0.00%"
"Jun 06, 2016","1.41","1.40","1.42","1.39","74.56K","0.00%"
"Jun 03, 2016","1.42","1.40","1.42","1.40","232.66K","1.43%"
"Jun 02, 2016","1.40","1.48","1.48","1.40","57.50K","-1.06%"
"Jun 01, 2016","1.41","1.49","1.49","1.41","89.97K","-5.35%"
"May 31, 2016","1.50","1.58","1.58","1.50","93.62K","0.00%"
"May 30, 2016","1.50","1.45","1.50","1.45","79.79K","5.63%"
"May 27, 2016","1.42","1.42","1.45","1.42","16.86K","0.00%"
"May 26, 2016","1.42","1.42","1.42","1.40","158.73K","1.43%"
"May 25, 2016","1.40","1.40","1.42","1.40","65.94K","0.72%"
"May 24, 2016","1.39","1.40","1.40","1.34","128.18K","-0.71%"
"May 23, 2016","1.40","1.39","1.41","1.39","57.60K","0.72%"
"May 20, 2016","1.39","1.43","1.43","1.39","221.47K","-2.80%"
"May 19, 2016","1.43","1.45","1.45","1.40","296.14K","-1.38%"
"May 18, 2016","1.45","1.42","1.45","1.40","293.98K","3.57%"
"May 17, 2016","1.40","1.40","1.42","1.38","339.92K","4.09%"
"May 16, 2016","1.35","1.40","1.40","1.27","264.81K","-3.93%"
"May 13, 2016","1.40","1.50","1.50","1.38","235.01K","-6.67%"
"May 12, 2016","1.50","1.60","1.64","1.43","328.25K","-3.85%"
"May 11, 2016","1.56","1.55","1.69","1.55","498.53K","5.41%"
"May 10, 2016","1.48","1.36","1.48","1.36","399.15K","10.04%"
"May 09, 2016","1.35","1.32","1.35","1.28","279.08K","5.08%"
"May 06, 2016","1.28","1.29","1.30","1.27","480.32K","0.79%"
"May 05, 2016","1.27","1.28","1.37","1.26","1.09M","1.60%"